"";"id";"pollingfirm";"party_a";"party_b";"party_c";"party_f";"party_i";"party_o";"party_v";"party_oe";"party_aa";"n";"date";"venstrefloj";"hojrefloj"
"1";1;"Megafon";25,4;4,5;11,2;18,5;0,3;14,6;22,4;2,6;NA;1089;2010-01-20;51;48,5
"2";2;"Gallup";25;3,4;11,1;19,1;0,7;14,2;23,7;2,2;NA;1450;2010-01-29;49,7;49,7
"3";3;"Greens";26,2;5,4;9,6;16,9;1,1;14,2;24;2,1;NA;1050;2010-02-03;50,6;48,9
"4";4;"Rambøll";26,6;4,1;9,7;18,3;0,5;13,7;23,7;2,5;NA;1050;2010-02-11;51,5;47,6
"5";5;"Megafon";25,8;4,4;11,4;16,8;0,6;15,2;22,2;3,1;NA;1000;2010-02-25;50,1;49,4
"6";6;"Gallup";26,6;4,7;10,4;16,4;0,4;13,7;24,9;2,3;NA;1450;2010-02-26;50;49,4
"7";7;"Greens";28,4;5;11;14,7;0,4;11,7;25,5;2,7;NA;1050;2010-03-03;50,8;48,6
"8";8;"Rambøll";24,6;4,7;12,7;16,9;0,2;12,6;24,6;3;NA;NA;2010-03-04;49,2;50,1
"9";9;"Megafon";25,8;5,1;11,2;18,1;1,2;13;22,2;2,5;NA;1089;2010-03-24;51,5;47,6
"10";10;"Gallup";26,7;4,3;11;16,4;0,8;13,9;24;2,4;NA;NA;2010-03-26;49,8;49,7
"11";11;"Rambøll";27,4;4,5;8,8;16,1;0,9;13,4;25,4;2,8;NA;1050;2010-03-30;50,8;48,5
"12";12;"YouGov";28,1;4,4;9,4;17,5;2,3;15,4;19,2;3,4;NA;1050;2010-04-12;53,4;46,3
"13";13;"Greens";28,5;6,1;9,6;16,4;0,4;15,2;21;2,2;NA;988;2010-04-14;53,2;46,2
"14";14;"Megafon";25,7;4,6;8,5;16,9;2,6;14,3;23,1;3,7;NA;1089;2010-04-22;50,9;48,5
"15";15;"Gallup";28,2;4,4;8,6;15,4;1,7;14;24,5;2,3;NA;NA;2010-04-23;50,3;48,8
"16";16;"Greens";26,6;5,2;9,6;19,2;2,3;12,5;21,7;2,5;NA;1004;2010-05-05;53,5;46,1
"17";17;"Rambøll";27,4;4,7;9;19,4;2,7;12;21,9;2,1;NA;1000;2010-05-06;53,6;45,6
"18";18;"Megafon";31,5;4,7;7,8;16,7;1,8;11,9;22,1;2,7;NA;NA;2010-05-26;55,6;43,6
"19";19;"Gallup";27,1;4,4;8,4;17;3,8;12,8;22,9;2,7;NA;1450;2010-05-28;51,2;47,9
"20";20;"Greens";30,3;4,8;7,3;19,4;3,1;10,7;21,4;2,7;NA;1079;2010-06-02;57,2;42,5
"21";21;"Rambøll";29,3;5;8;17,7;2,1;12,6;22;2,6;NA;1050;2010-06-10;54,6;44,7
"22";22;"Gallup";29;4,8;7,3;16;4;13,1;22,3;2,9;NA;NA;2010-06-24;52,7;46,7
"23";23;"Megafon";26,7;5,7;6,8;17,3;4,5;13,3;21,5;3,7;NA;1089;2010-06-24;53,4;46,1
"24";24;"YouGov";27,3;4,1;6,7;18,5;6,1;14,4;19,2;3,1;NA;1050;2010-07-03;53;46,4
"25";25;"Gallup";26,9;4,5;8,2;16,7;2,6;12,7;25,3;2,3;NA;NA;2010-07-22;50,4;48,8
"26";26;"Greens";26,5;5,4;7,4;16,5;3,5;14,4;22,8;2,5;NA;1079;2010-08-05;50,9;48,1
"27";27;"YouGov";23,3;4;7,2;19,4;6;16,3;20,2;3;NA;1050;2010-08-09;49,7;49,7
"28";28;"Rambøll";24,7;5,1;6,6;16,8;4,5;15;23,5;2,5;NA;1000;2010-08-12;49,1;49,6
"29";29;"Megafon";25,8;5,4;6,8;17,4;3,8;13,4;24,2;3;NA;1089;2010-08-25;51,6;48,2
"30";30;"Gallup";25,4;4;7;19,4;3,8;13,1;24,1;2,6;NA;1450;2010-08-26;51,4;48
"31";31;"Rambøll";25,4;5,4;6,7;16,9;4,7;15,6;21,3;2,5;NA;1050;2010-09-10;50,2;48,3
"32";32;"Gallup";27,1;5,4;8,2;16;4,5;12,1;23,3;2,6;NA;NA;2010-09-23;51,1;48,1
"33";33;"Megafon";25;4,7;6,2;16,1;5,4;16,9;21,8;2,9;NA;1089;2010-09-23;48,7;50,3
"34";34;"Greens";29,9;5,5;6,6;15;5,3;14,5;19,6;2,8;NA;1151;2010-09-29;53,2;46
"35";35;"YouGov";27,2;4,6;6,1;16,5;7,4;15,5;18,5;3,3;NA;1050;2010-10-04;51,6;47,5
"36";36;"Rambøll";27;5;6,7;16,1;5,2;13,4;22,2;2,3;NA;1050;2010-10-07;50,4;47,5
"37";37;"Voxmeter";29,2;4,5;6,5;14,8;6,1;13,9;22,4;2,2;NA;1050;2010-10-09;50,7;48,9
"38";38;"Megafon";27,8;6,4;7,3;16,7;4,1;13,4;21,8;2,4;NA;1089;2010-10-27;53,3;46,6
"39";39;"Gallup";27,2;5,3;6,3;15,9;4,6;13,7;23,1;3,2;NA;1450;2010-10-28;51,6;47,7
"40";40;"Greens";27,1;4,3;7,3;15,7;6,5;14,3;20,8;3;NA;974;2010-11-03;50,1;48,9
"41";41;"Gallup";26,3;4,5;5,9;15,6;6,1;14,2;24;2,4;NA;1450;2010-11-12;48,8;50,2
"42";42;"Epinion";28,9;5,2;5,9;16;6;13,5;20,4;3,6;NA;1020;2010-11-24;53,7;45,8
"43";43;"Megafon";26,7;6,2;6,1;13,8;7,4;13,7;19,8;4,9;NA;1089;2010-11-25;51,6;47
"44";44;"Gallup";26,2;6,6;6,9;14,5;6,6;13,1;21,3;3,8;NA;1000;2010-12-10;51,1;47,9
"45";45;"Greens";28,8;6;6,4;14,1;6,1;13,5;20;4,1;NA;1006;2010-12-12;53;46
"46";46;"Megafon";27,2;6,3;5,6;11,8;8,7;14,9;19,4;5,2;NA;1089;2010-12-16;50,5;48,6
"47";47;"Voxmeter";28,7;6,5;5,5;14;5,3;15,6;20,8;3,2;NA;1050;2010-12-18;52,4;47,2
"48";48;"Greens";29,2;7,5;4,5;13;5,8;14,6;21,6;3,4;NA;1336;2011-01-05;53,1;46,5
"49";49;"Gallup";31,3;5,5;6;12,7;4,3;12,2;24,3;2,9;NA;1300;2011-01-06;52,4;46,8
"50";50;"Epinion";29,9;5,5;5,9;13;4,3;13;23,1;4,8;NA;1050;2011-01-12;53,2;46,3
"51";51;"Megafon";26,6;7,7;5;11,6;7,7;13,8;22,7;4,5;NA;1089;2011-01-13;50,4;49,2
"52";52;"Gallup";28,6;5,8;5,7;14,9;4;13;24,6;2,9;NA;1050;2011-01-14;52,2;47,3
"53";53;"Greens";29,5;6,5;6,5;14,2;5,4;11,6;22,6;2,7;NA;1000;2011-01-19;52,9;46,1
"54";54;"Gallup";27,6;7,3;4,9;13,8;4,7;14;23,9;2,7;NA;1300;2011-01-21;51,4;47,5
"55";55;"Megafon";28,7;6,4;5,6;13;6,6;14,3;21,2;4,1;NA;1050;2011-01-28;52,2;47,7
"56";56;"Greens";31,2;5,6;5,4;15,6;4,4;12,3;21,3;3,3;NA;1050;2011-02-02;55,7;43,4
"57";57;"Voxmeter";26;5,7;4,3;15,6;8,6;14,4;19,8;4,7;NA;1050;2011-02-07;52;47,1
"58";58;"Rambøll";30,3;4,7;4,7;16,1;3,8;13,3;23,9;3,1;NA;1050;2011-02-10;54,2;45,7
"59";59;"Gallup";28,2;6,3;5,4;15,5;5,2;12,5;22,4;3,8;NA;1050;2011-02-11;53,8;45,5
"60";60;"Voxmeter";29;6,2;4,9;16,1;5,5;11,9;22;3,4;NA;1050;2011-02-12;54,7;44,3
"61";61;"Epinion";28,1;5;5,9;15,1;6;13,4;22;3,9;NA;1050;2011-02-16;52,1;47,3
"62";62;"Megafon";28,8;6,3;5,4;15,2;6,8;13,9;19,3;3,7;NA;1050;2011-02-24;54;45,4
"63";63;"Greens";30,5;6;5,5;16,3;4,2;13,3;20,1;3,4;NA;1050;2011-03-02;56,2;43,1
"64";64;"Voxmeter";29,9;5,8;5,6;15,5;6;13,1;18,6;4;NA;1030;2011-03-06;55,2;43,3
"65";65;"Rambøll";29;6,2;5,2;14,3;5,6;13,5;21,2;3,7;NA;1050;2011-03-10;53,2;45,5
"66";66;"Gallup";28,6;6,3;5,8;12,7;7,2;15,2;19,9;3,2;NA;1633;2011-03-11;50,8;48,1
"67";67;"Epinion";30,4;5;4,9;14;5,1;15,2;20,3;4,5;NA;1050;2011-03-21;53,9;45,5
"68";68;"Megafon";28,9;6,7;5,3;14,3;6,6;12,8;20,9;3,2;NA;1050;2011-04-01;53,1;45,6
"69";69;"Greens";29,3;6,2;6,4;13,6;4,4;13,1;22,3;3,5;NA;1050;2011-04-06;52,6;46,2
"70";70;"Rambøll";28,3;6;6,9;15,4;5;13,9;20,4;3,2;NA;1050;2011-04-07;52,9;46,2
"71";71;"Gallup";27,8;6,3;5,5;14,2;5,5;13,5;22,8;3,5;NA;1050;2011-04-08;51,8;47,3
"72";72;"Voxmeter";29,9;6,7;5,9;14,4;3,2;13,8;21,8;3,2;NA;1050;2011-04-16;54,2;44,7
"73";73;"Epinion";30,2;5,7;5,6;15,6;4,1;13,4;21,1;3,5;NA;1050;2011-04-20;55;44,2
"74";74;"Norstat";30,3;5,5;6,5;13,3;3,4;15,4;20,9;3,5;NA;1050;2011-04-22;52,6;46,2
"75";75;"Megafon";29,6;7,6;5,6;13,8;6,3;12,2;19,8;4,4;NA;1050;2011-04-29;55,4;43,9
"76";76;"Voxmeter";27,7;5,2;6,7;13,8;4,9;14,4;22,6;3,8;NA;1050;2011-05-01;50,5;48,6
"77";77;"Greens";26,3;7,3;5,6;15,3;2,7;14;23,7;3,7;NA;1000;2011-05-04;52,6;46
"78";78;"Gallup";27,1;5,7;7,3;14,9;4,1;13,1;24,1;3,3;NA;1000;2011-05-05;51;48,6
"79";79;"Voxmeter";29,4;6,3;6,5;13,2;5,3;13;22,5;3,4;NA;1000;2011-05-08;52,3;47,3
"80";80;"Gallup";28,2;7,1;6,2;12,9;4,6;13,2;22,8;4,2;NA;1000;2011-05-11;52,4;46,8
"81";81;"Epinion";28,2;6,4;5,8;13,4;3,4;15,7;21,7;4,6;NA;1000;2011-05-13;52,6;46,6
"82";82;"Voxmeter";28,2;7,2;6,8;13,9;3,4;13,6;22,4;3,5;NA;1009;2011-05-14;52,8;46,2
"83";83;"Gallup";27,8;7,4;6,8;12;3,3;13,5;24,3;4;NA;2326;2011-05-15;51,2;47,9
"84";84;"Megafon";26,6;8,1;7,1;12,9;4,1;12,9;22,8;4,8;NA;1000;2011-05-18;52,4;46,9
"85";85;"Gallup";27,8;7,6;5,9;13,1;3;13,1;24,6;3,8;NA;2479;2011-05-19;52,3;46,6
"86";86;"Greens";26,5;7,9;6,4;14,2;4;13,9;22,8;3,8;NA;1228;2011-05-23;52,4;47,1
"87";87;"Megafon";27;7,1;6,6;13,3;3,7;12,1;23,9;5,3;NA;1000;2011-05-25;52,7;46,3
"88";88;"Gallup";27,2;6,8;5,7;12,8;4,2;13,2;23,7;5;NA;1990;2011-05-27;51,8;46,8
"89";89;"Voxmeter";27,6;7,5;6,9;13,8;2,8;12;32,2;4,7;NA;1000;2011-05-31;53,6;53,9
"90";90;"YouGov";26,7;9;5,7;13,5;5,8;10,9;23;4,7;NA;1527;2011-06-05;53,9;45,4
"91";91;"Greens";27,9;8,3;6;12,6;4,2;11,4;23,5;5,6;NA;1000;2011-06-10;54,4;45,1
"92";92;"Gallup";26,6;8,7;6,5;11,4;4,1;13,4;23,6;5,1;NA;1631;2011-06-10;51,8;47,6
"93";93;"Rambøll";27,3;7,9;6,8;12,9;2,3;13,4;23,4;4,8;NA;1000;2011-06-12;52,9;45,9
"94";94;"Voxmeter";27,5;6,4;7,4;13;3,3;15,2;21,4;4,4;NA;1000;2011-06-13;51,3;47,3
"95";95;"Voxmeter";28,9;7,5;6,4;14,2;3,6;12,5;21,9;4,7;NA;1000;2011-06-20;55,3;44,4
"96";96;"Megafon";27,4;7,2;6,4;13,5;4;13,2;23,3;4,6;NA;1000;2011-06-23;52,7;46,9
"97";97;"Epinion";29;7;6,7;14,1;3,4;13,4;21,6;4,5;NA;973;2011-06-23;54,6;45,1
"98";98;"Voxmeter";28,8;7,3;6,6;13,3;3,4;12,6;23,1;4,5;NA;1003;2011-06-25;53,9;45,7
"99";99;"Voxmeter";27,7;7,4;6;13,9;3,8;12,7;22,3;4,2;NA;1004;2011-07-03;53,2;44,8
"100";100;"YouGov";26,4;8,1;5,3;13,5;5,8;13,7;20,9;5,6;NA;2737;2011-07-04;53,6;45,7
"101";101;"Gallup";26,7;7,2;6,2;13;3,5;13,8;23,1;5,2;NA;1689;2011-07-08;52,1;46,6
"102";102;"Norstat";28,5;6,1;7,3;15,1;2,7;13,4;20,8;4,4;NA;1143;2011-07-24;54,1;44,2
"103";103;"Epinion";28,1;7,5;6,7;13,2;3,6;13,6;22,1;4,6;NA;1000;2011-07-27;53,4;46
"104";104;"Greens";27,5;7,7;6,7;14,2;2,5;13,7;22,6;3,7;NA;1000;2011-08-03;53,1;45,5
"105";105;"YouGov";27,2;9,2;5,9;12,1;5;14;19,5;5,9;NA;1797;2011-08-07;54,4;44,4
"106";106;"Gallup";27,1;6,7;6,5;12,6;2,6;14,1;25,3;4,2;NA;1653;2011-08-10;50,6;48,5
"107";107;"Rambøll";29,1;6,9;7,1;12,4;3,4;12,4;22,9;4,9;NA;938;2011-08-11;53,3;45,8
"108";108;"Epinion";28,8;7,9;6,1;13,7;3,2;12;23;5,1;NA;1000;2011-08-11;55,5;44,3
"109";109;"Voxmeter";27,8;7,7;6,6;14,1;2,8;11,7;24,7;4,3;NA;1000;2011-08-13;53,9;45,8
"110";110;"Norstat";28,1;6,7;6,3;14,1;2,7;13,5;23,2;4,7;NA;1157;2011-08-14;53,6;45,7
"111";111;"Megafon";28;7,9;6,6;12,6;4;10,7;25,4;4,5;NA;865;2011-08-17;53;46,7
"112";112;"Voxmeter";27,5;7,5;6,8;13,9;3,8;11,9;22;4,6;NA;1002;2011-08-19;53,5;44,5
"113";113;"Gallup";22,5;7,3;6,2;14;3,9;12,5;24,7;4,7;NA;1476;2011-08-22;48,5;47,3
"114";114;"Gallup";25;8,1;6,6;12,4;3,2;13;25,7;4,8;NA;1674;2011-08-25;50,3;48,5
"115";115;"Megafon";26,4;7,4;5,9;13,6;4,3;12,3;24,9;4,6;NA;1000;2011-08-25;52;47,4
"116";116;"Gallup";26,5;7,7;6,8;12,4;2,4;13;25,4;5;NA;1477;2011-08-26;51,6;47,6
"117";117;"Epinion";27,8;7,9;6,1;13,1;3,9;11,7;23,4;5,2;NA;1051;2011-08-26;54;45,1
"118";118;"Voxmeter";28,1;7,5;6,3;14,6;3,3;12,4;21,9;3,9;NA;1002;2011-08-26;54,1;43,9
"119";119;"Megafon";26,1;7,7;5,6;13,1;4,4;12,9;24,7;4,6;NA;1000;2011-08-26;51,5;47,6
"120";120;"Rambøll";27,3;8,3;5,1;12,5;3,7;13,6;23;5,7;NA;894;2011-08-27;53,8;45,4
"121";121;"Voxmeter";27,5;6,7;6,8;14,6;3,4;12;22,2;4,9;NA;1000;2011-08-27;53,7;44,4
"122";122;"Gallup";26,8;8,5;6,7;12,4;3,2;12,4;24,2;4,9;NA;1528;2011-08-27;52,6;46,5
"123";123;"Epinion";27,4;7,6;6,6;13,8;3,8;11,8;23,5;4,7;NA;1551;2011-08-27;53,5;45,7
"124";124;"Norstat";28,4;8;7,4;12,4;1,9;12,2;24,7;4,1;NA;1053;2011-08-27;52,9;46,2
"125";125;"Voxmeter";26,4;7,3;6,4;14,1;3,7;12,5;23,2;4,8;NA;1000;2011-08-28;52,6;45,8
"126";126;"Megafon";26,2;8,5;5,1;12,5;5;12,5;24,1;5,1;NA;1000;2011-08-28;52,3;46,7
"127";127;"Epinion";27,6;7,3;6,9;13,3;4,1;12;23;4,9;NA;1070;2011-08-28;53,1;46
"128";128;"Gallup";27,6;8,4;6,4;11,9;3,6;12,4;23,9;5,3;NA;1760;2011-08-28;53,2;46,3
"129";129;"Rambøll";27,9;6,7;7,4;12,7;3,4;11,8;23,7;6;NA;980;2011-08-29;53,3;46,3
"130";130;"Epinion";28,1;6,7;6,3;13;4,3;12,3;23,1;5,1;NA;1018;2011-08-29;52,9;46
"131";131;"Voxmeter";27,7;7,6;7,1;12,8;3,6;11,5;24,5;4,6;NA;1000;2011-08-29;52,7;46,7
"132";132;"YouGov";25,2;8,9;6,3;11,1;5,9;13,1;21,7;7,2;NA;3006;2011-08-29;52,4;47
"133";133;"Megafon";26,7;9,4;4,7;10,9;4,8;12,7;23,3;6,4;NA;1000;2011-08-29;53,4;45,5
"134";134;"Gallup";27;8,5;7,1;12;3,7;12,2;23,5;5,4;NA;1845;2011-08-29;52,9;46,5
"135";135;"Norstat";28,3;7,4;5,1;13,4;3;11,6;26,6;4,1;NA;1246;2011-08-29;53,2;46,3
"136";136;"Voxmeter";25,9;8,6;7;12,2;4,6;11,8;24,3;4,9;NA;1000;2011-08-30;51,6;47,7
"137";137;"Gallup";26,7;9,1;7,3;12,1;3,3;12,7;23,4;4,8;NA;1740;2011-08-30;52,7;46,7
"138";138;"Rambøll";30,4;7;7,1;11,1;3,1;12,2;23,5;4,9;NA;1000;2011-08-30;53,4;45,9
"139";139;"Epinion";29,1;6,3;5,4;11,7;4,2;12,2;23,8;6,4;NA;994;2011-08-30;53,5;45,6
"140";140;"Megafon";24,4;9,9;5,6;12,7;2,9;13,6;25,2;5,1;NA;900;2011-08-30;52,1;47,3
"141";141;"Rambøll";29,2;8,2;6,9;11,4;2,6;12,2;23,5;5,3;NA;1000;2011-08-31;54,1;45,2
"142";142;"Gallup";26,4;8,2;7,5;12,4;3,5;12,3;24,3;4,6;NA;1685;2011-08-31;51,6;47,6
"143";143;"Megafon";25,7;9,4;5,4;12,1;3,1;12,5;25,5;5,6;NA;1000;2011-08-31;52,8;46,5
"144";144;"Epinion";29,3;6,3;5,1;11,6;4,3;12,9;23,4;6,4;NA;1008;2011-08-31;53,6;45,7
"145";145;"Greens";25,6;8,8;6,4;11,8;3,6;12,4;24,6;6;NA;1169;2011-08-31;52,2;47
"146";146;"Voxmeter";25,5;10,1;6,7;11,5;3,8;11,1;24,2;5,7;NA;1000;2011-08-31;52,8;45,8
"147";147;"Epinion";28,4;6,9;5,5;11,8;4,1;12,7;23,5;6,5;NA;1022;2011-09-01;53,6;45,8
"148";148;"Voxmeter";25,6;10,1;6,3;11;4,4;11,2;23,4;6,4;NA;1010;2011-09-01;53,1;45,3
"149";149;"Rambøll";28,3;8,3;6,1;11;3,1;13,1;23,3;5,9;NA;1000;2011-09-01;53,5;45,6
"150";150;"Gallup";24,7;8;6,4;13,4;4,8;12,2;24,9;4,8;NA;1572;2011-09-01;50,9;48,3
"151";151;"Megafon";25,7;9,5;5,4;11,1;4,6;11,6;25,2;5,9;NA;1000;2011-09-01;52,2;46,8
"152";152;"Norstat";26,9;8,8;5;11,8;5,2;10,7;24,8;5,9;NA;1051;2011-09-01;53,4;45,7
"153";153;"Rambøll";27,7;9;6;11,3;3;13,2;23,2;5,5;NA;1000;2011-09-02;53,5;45,4
"154";154;"Voxmeter";26;9,9;6,6;11,4;4,4;10,1;22,6;7;NA;1000;2011-09-02;54,3;43,7
"155";155;"Epinion";27,6;7,3;5,6;12,4;4,5;12,4;23,6;5,9;NA;1000;2011-09-02;53,2;46,1
"156";156;"Gallup";25,6;6,8;6,3;13,3;5,4;11,2;24,3;6,2;NA;1526;2011-09-02;51,9;47,2
"157";157;"Megafon";24,8;9,9;5,2;11;5,1;12,6;24,2;6,2;NA;1000;2011-09-02;51,9;47,1
"158";158;"Rambøll";26,2;8,8;5,6;12;3,3;12,9;23,2;6,8;NA;1066;2011-09-03;53,8;45
"159";159;"Voxmeter";27,7;9,7;6,6;10,6;4,4;9,9;22,8;6,6;NA;1000;2011-09-03;54,6;43,7
"160";160;"Gallup";25,1;7,5;6,4;13,3;5,4;11,3;23,9;6,2;NA;1521;2011-09-03;52,1;47
"161";161;"Norstat";25;8,8;6,2;12,1;3,9;13;24,1;6,1;NA;1059;2011-09-03;52;47,2
"162";162;"Epinion";27;7,2;6;12,3;4,6;12,1;24,1;5,9;NA;1000;2011-09-03;52,4;46,8
"163";163;"Megafon";24,5;9,1;6;11,3;5,1;12,8;23,4;6,8;NA;1000;2011-09-03;51,7;47,3
"164";164;"Epinion";26,1;7,3;5,6;11,9;5,1;12,5;24,6;6;NA;1032;2011-09-04;51,3;47,8
"165";165;"Megafon";24,8;9,2;6;11;5,3;13,1;22,9;7;NA;1000;2011-09-04;52;47,3
"166";166;"Gallup";25,8;7,8;6,9;12,3;4,7;12,1;23,2;6,4;NA;1652;2011-09-04;52,3;46,9
"167";167;"Rambøll";25,7;9,2;5,5;11,1;4,2;13,1;23,4;6,8;NA;975;2011-09-04;52,8;46,2
"168";168;"Voxmeter";27,1;10,1;6,2;10,7;4,6;10,7;22,4;7;NA;1001;2011-09-04;54,9;43,9
"169";169;"Voxmeter";26,1;10,5;6,3;9,8;3,6;10,9;23,1;7,9;NA;1000;2011-09-05;54,3;43,9
"170";170;"Rambøll";25,8;9,3;5,9;11,8;4,5;12,7;22,6;6,3;NA;906;2011-09-05;53,2;45,7
"171";171;"Gallup";24,6;8,4;6,9;12,3;4,8;12,4;23,7;6,1;NA;1699;2011-09-05;51,4;47,8
"172";172;"Norstat";25,4;8,5;6,3;10,8;3,6;11,1;24,8;8,2;NA;1067;2011-09-05;52,9;45,8
"173";173;"Megafon";25;8,3;6,4;10,7;5,4;13,7;23,2;6,6;NA;1000;2011-09-05;50,6;48,7
"174";174;"Epinion";25,6;8,4;6;11,1;5,2;12,6;24,4;5,9;NA;1000;2011-09-05;51;48,2
"175";175;"Voxmeter";24,4;10,7;6,4;10,8;4;12,6;22,1;8;NA;1000;2011-09-06;53,9;45,1
"176";176;"Megafon";24,2;9,3;6,2;10,1;5,4;13,1;24,2;6,7;NA;1000;2011-09-06;50,3;48,9
"177";177;"Gallup";25,3;8,1;6,6;11,7;4,8;12,7;24;6;NA;1655;2011-09-06;51,1;48,1
"178";178;"Epinion";25,2;9;6,3;11,3;5,4;12,8;23,9;5,6;NA;1065;2011-09-06;51,1;48,4
"179";179;"Norstat";25,7;9;6;10,7;4,8;10,1;24,8;7,7;NA;1078;2011-09-06;53,1;45,7
"180";180;"Rambøll";26;9,1;5,6;11,9;5,2;12,2;22,1;7,1;NA;938;2011-09-06;54,1;45,1
"181";181;"Gallup";25;9,1;6,5;11,4;5,2;13;23,3;5,7;NA;1682;2011-09-07;51,2;48
"182";182;"Norstat";25,4;7,9;6,9;11;5,3;11;25,1;6,5;NA;1086;2011-09-07;50,8;48,3
"183";183;"Rambøll";25,5;9,2;6,8;11,2;5,4;13;21,8;6,2;NA;895;2011-09-07;52,1;47
"184";184;"Epinion";25,3;9,6;6,2;11,5;5,5;12,5;23,1;5,7;NA;1056;2011-09-07;52,1;47,3
"185";185;"Greens";25,3;9,9;5,7;10,3;5;11,3;24,7;6,8;NA;1183;2011-09-07;52,3;46,7
"186";186;"Megafon";24,2;9,5;6;10,5;5,7;12,7;23,7;7;NA;1000;2011-09-07;51,2;48,1
"187";187;"Voxmeter";26;9,1;6,9;10,9;3;12,2;23,5;7,3;NA;1000;2011-09-07;53,3;45,6
"188";188;"Rambøll";24,9;8,6;7;12,2;5;12,9;22,1;6,3;NA;914;2011-09-08;52;47
"189";189;"Epinion";25,9;9,5;5,6;12;5,6;12;22,7;5,9;NA;1018;2011-09-08;53,3;45,9
"190";190;"Gallup";25,4;9,3;6,2;10,1;5,6;12,7;23,3;6,4;NA;1645;2011-09-08;51,2;47,8
"191";191;"Voxmeter";26;9,5;5,8;10,7;3,2;12,7;25;6,3;NA;1000;2011-09-08;52,5;46,7
"192";192;"Megafon";24,3;9,4;6;11,1;5,8;12,3;23,6;6,8;NA;1000;2011-09-08;51,6;47,7
"193";193;"Norstat";26,1;8;6,1;10,6;5,5;12,2;24,7;5,9;NA;1271;2011-09-08;50,6;48,5
"194";194;"Voxmeter";26,2;9,8;5;9,7;4,7;11,9;25,7;5,7;NA;1001;2011-09-09;51,4;47,3
"195";195;"Gallup";25;10;5;9,8;5,4;13,6;23;7,2;NA;1748;2011-09-09;52;47
"196";196;"Megafon";24,9;9,7;5,8;11,6;5,2;12,1;23,6;6,4;NA;1000;2011-09-09;52,6;46,7
"197";197;"Epinion";26,4;9,6;5,5;11,7;5,8;11,8;22,6;6;NA;1000;2011-09-09;53,7;45,7
"198";198;"Rambøll";25;9,4;6,5;11,8;4,2;12,6;23,3;6,1;NA;950;2011-09-09;52,3;46,6
"199";199;"Norstat";27,3;8,5;6,1;10,4;4,4;12,6;22,8;6,1;NA;1089;2011-09-10;52,3;45,9
"200";200;"Voxmeter";24,8;9,4;5,3;9,5;5,2;12,4;26,1;6;NA;1000;2011-09-10;49,7;49
"201";201;"Gallup";26,4;8,9;5,2;10,1;5,2;12,1;23,7;7,4;NA;2010;2011-09-10;52,8;46,2
"202";202;"Epinion";25,9;9,1;5,1;11,2;6;12,4;23,3;6,5;NA;1000;2011-09-10;52,7;46,8
"203";203;"Rambøll";24,7;9,6;6,2;10,9;4,8;12,5;24,4;5,8;NA;1000;2011-09-10;51;47,9
"204";204;"Norstat";27,2;8;5,9;10,3;4,3;12,2;24,5;6,1;NA;1625;2011-09-11;51,6;46,9
"205";205;"Megafon";25,4;9,9;6,7;10,4;5,5;11,4;22,6;7,2;NA;1000;2011-09-11;52,9;46,2
"206";206;"Voxmeter";23,1;10,7;5;10;6;13;24,5;6,3;NA;1000;2011-09-11;50,1;48,5
"207";207;"Gallup";25,9;9,2;5,4;10,8;4,9;12,7;23;7,2;NA;2341;2011-09-11;53,1;46
"208";208;"Epinion";25,1;9,1;5,6;11,1;5,7;12,2;23,9;6,6;NA;1000;2011-09-11;51,9;47,4
"209";209;"Rambøll";24,3;10,4;5,8;10,8;5,1;11,9;24,3;6,4;NA;1040;2011-09-11;51,9;47,1
"210";210;"Norstat";26,3;8,4;6;11,5;4;12,3;24,1;6,2;NA;1631;2011-09-12;52,4;46,4
"211";211;"Rambøll";25;10,2;5,8;10,6;5,3;11,9;23,9;6,1;NA;1080;2011-09-12;51,9;46,9
"212";212;"YouGov";23,2;9,7;6,3;10,3;8,1;12,4;21;8,4;NA;3762;2011-09-12;51,6;47,8
"213";213;"Gallup";26,4;9,3;6,3;10,9;4,8;11,4;23,7;6,2;NA;2575;2011-09-12;52,8;46,2
"214";214;"Epinion";24,9;8,7;5,9;10,6;5,7;12,4;24;7;NA;1030;2011-09-12;51,2;48
"215";215;"Megafon";24,4;10,2;6,3;10,2;5,6;12,4;23,6;6,5;NA;1000;2011-09-12;51,3;47,9
"216";216;"Greens";26;9,6;5,9;10,7;4,6;11,5;24;6,7;NA;1451;2011-09-12;53;46
"217";217;"Voxmeter";22,5;11,1;5,1;10,2;5,8;12,9;23,8;7;NA;1000;2011-09-12;50,8;47,6
"218";218;"Voxmeter";22,1;11,7;5,6;10,8;5,3;12,7;23,4;7,4;NA;1000;2011-09-13;52;47
"219";219;"Epinion";25;8,4;5,8;11,1;5,4;12,1;24,6;6,7;NA;1000;2011-09-13;51,2;47,9
"220";220;"Rambøll";24,7;9,1;5,9;10,6;6;12;23,7;6,8;NA;1145;2011-09-13;51,2;47,6
"221";221;"Gallup";25,3;9,8;6,1;10,4;5,1;12,3;24,3;5,5;NA;2216;2011-09-13;51;47,8
"222";222;"Megafon";24,6;10,8;6,3;9,5;5,5;12,1;23,5;6,7;NA;1000;2011-09-13;51,6;47,4
"223";223;"Norstat";26,8;8,1;6;10,2;4,1;13;25,2;5,8;NA;1618;2011-09-13;50,9;48,3
"224";224;"Rambøll";25;9,4;6,2;10,7;5,3;11,5;23;7,6;NA;1145;2011-09-14;52,7;46
"225";225;"Norstat";25,8;9,1;6,1;11;4,4;11,8;24,9;6,1;NA;2456;2011-09-14;52;47,2
"226";226;"Gallup";25,1;9,2;5,5;10,7;4,9;12,1;25,4;6,2;NA;5503;2011-09-14;51,2;47,9
"227";227;"Megafon";25;9,7;6;10,6;5,2;12,8;24,1;5,8;NA;1000;2011-09-14;51,1;48,1
"228";228;"Epinion";25,4;9,6;5,8;10,5;5,2;12,1;24,4;6,2;NA;2621;2011-09-14;51,7;47,5
"229";229;"Voxmeter";26,1;9,9;5,8;9,9;4,9;10,7;25,4;6,6;NA;1751;2011-09-14;52,5;46,8
"230";230;"Voxmeter";23,8;9,1;4;8,7;5,1;11,7;28,8;8,1;NA;1004;2011-09-28;49,7;49,6
"231";231;"Megafon";24,1;10,5;4;7,8;5,4;12,4;28,2;6,9;NA;1000;2011-10-06;49,3;50
"232";232;"Greens";24,4;10,1;3,3;7,9;4,6;11,3;30,5;7,5;NA;1000;2011-10-06;49,9;49,7
"233";233;"Gallup";23;10,7;3,5;8,9;5,1;12,2;28,9;7,1;NA;1545;2011-10-06;49,7;49,7
"234";234;"Voxmeter";22,9;10,3;4;8,6;4,2;11,5;30,2;7,5;NA;1004;2011-10-09;49,3;49,9
"235";235;"YouGov";22,2;9,7;4,3;7,3;4,8;12,1;30,8;8,1;NA;1018;2011-10-10;47,3;52
"236";236;"Greens";22,7;10,1;4,3;8,2;4,7;12,2;30,7;6,6;NA;1357;2011-10-12;47,6;51,9
"237";237;"Rambøll";23;10;3,6;9,4;4,2;12,3;29,7;6,9;NA;1054;2011-10-13;49,3;49,8
"238";238;"Voxmeter";22,4;9,3;4,2;8,2;4,6;12,2;31,9;6,3;NA;1000;2011-10-16;46,2;52,9
"239";239;"Voxmeter";20,5;9,6;4,4;8,4;5,2;12,7;31,3;6,9;NA;1000;2011-10-23;45,4;53,6
"240";240;"Megafon";22,9;9,7;4;7,9;4,1;10,5;33,1;7,1;NA;840;2011-10-26;47,6;51,7
"241";241;"Voxmeter";21;9,6;4,6;7,5;5;11,6;32,5;7,7;NA;1000;2011-10-30;45,8;53,7
"242";242;"Greens";21,9;9,7;4,3;8,7;3,9;11,6;32,7;6,3;NA;1000;2011-11-02;46,6;52,5
"243";243;"Epinion";20,9;9,6;4,4;8,7;4,8;11,8;31,9;7,4;NA;1000;2011-11-03;46,6;52,9
"244";244;"YouGov";22;10,4;3,6;7,8;5,4;11,7;31,3;7,2;NA;1563;2011-11-06;47,4;52
"245";245;"Gallup";22,8;9,4;4,6;7,9;4,4;11,7;31,1;7,4;NA;1678;2011-11-10;47,5;51,8
"246";246;"Rambøll";21;9,7;4,4;9,1;4,4;11,2;32,2;7,6;NA;1025;2011-11-10;47,4;52,2
"247";247;"Voxmeter";20,4;10,1;4,3;8,1;4,5;13;32,2;7;NA;1000;2011-11-12;45,6;54
"248";248;"Voxmeter";22,9;9,1;4,3;7,5;4,8;11;32,9;6,9;NA;1000;2011-11-18;46,4;53
"249";249;"Megafon";23;10,5;3,3;7;4,7;11,4;32,2;7,5;NA;1000;2011-11-24;48;51,6
"250";250;"Voxmeter";22,7;9,2;4,5;7,6;4,7;10,9;33,3;6,7;NA;1000;2011-11-27;46,2;53,4
"251";251;"Greens";20,1;9,1;4;7,9;3,9;11,5;35,9;7,2;NA;1218;2011-11-30;44,3;55,3
"252";252;"Rambøll";22,4;9,6;4,8;7,9;4,5;11,5;32,4;6,7;NA;1025;2011-12-08;46,6;53,2
"253";253;"Gallup";21,8;9,6;3,5;8,1;5,3;11,4;31;8,6;NA;1556;2011-12-08;48,1;51,2
"254";254;"YouGov";21,9;10,1;3,2;7,1;4,7;11,1;33,1;8,4;NA;1285;2011-12-11;47,5;52,1
"255";255;"Voxmeter";19,9;9,7;4,4;8,3;5,9;12;31,7;7,5;NA;1000;2011-12-11;45,4;54
"256";256;"Megafon";22,8;10,5;3,9;7,4;4,6;10,4;32,9;7,3;NA;1000;2011-12-14;48;51,8
"257";257;"Voxmeter";20,5;11;4,2;7,7;5,1;12,5;31,5;6,8;NA;1000;2011-12-17;46;53,3
"258";258;"Epinion";22,1;9;3,5;8,1;4,8;11,4;32,5;7,8;NA;1000;2011-12-21;47;52,2
"259";259;"Greens";21,6;8,9;3,7;7,4;3,5;10,8;36,4;7,1;NA;1248;2012-01-04;45;54,4
"260";260;"Gallup";23,1;9,7;2,6;6,9;4,5;12,5;32,1;7,8;NA;1598;2012-01-05;47,5;51,7
"261";261;"Rambøll";21,8;9,3;3,7;6,9;4,5;13,1;33;7,5;NA;1000;2012-01-08;45,5;54,3
"262";262;"Epinion";22;10,2;3,1;8,3;4,5;11,8;32,4;7,2;NA;1015;2012-01-09;47,7;51,8
"263";263;"YouGov";21,8;9,3;3,7;6,9;4,5;13,1;33;7,5;NA;NA;2012-01-10;45,5;54,3
"264";264;"Rambøll";21,6;8,7;3,5;7,9;4,2;11,9;34,6;6,8;NA;1038;2012-01-12;45;54,2
"265";265;"Megafon";22,6;8,8;4;7,4;4,9;11,8;32,8;7,3;NA;1000;2012-01-26;46,1;53,5
"266";266;"Greens";21,7;10,4;4,2;6,8;5,1;12,2;32,2;6,7;NA;1126;2012-02-01;45,6;53,7
"267";267;"Voxmeter";23,2;9,6;3,4;6,6;4,3;11,7;33,8;7,3;NA;1000;2012-02-06;46,7;53,2
"268";268;"Rambøll";21,6;9,3;3,8;6,3;5;13,6;32,4;7,3;NA;1556;2012-02-06;44,5;54,8
"269";269;"YouGov";21,6;9,3;3,8;6,3;5;13,6;32,4;7,3;NA;NA;2012-02-08;44,5;54,8
"270";270;"Gallup";23;9,4;4,1;6,9;4,9;12,2;32,2;6,8;NA;1539;2012-02-09;46,1;53,4
"271";271;"Rambøll";21,3;10,2;3,4;8,5;4,5;12;33,1;6,3;NA;1050;2012-02-09;46,3;53
"272";272;"Epinion";22,4;9,5;4,1;7,2;5,1;12,2;32,4;6,7;NA;1000;2012-02-15;45,8;53,8
"273";273;"Megafon";20,2;10;3,2;8,1;4,6;11,9;34,3;7,2;NA;1008;2012-02-22;45,5;54
"274";274;"Voxmeter";21,5;9,9;3,3;6,5;4,5;11,9;34,8;7,7;NA;1000;2012-02-26;45,6;54,5
"275";275;"Greens";18,5;9,6;3,7;7,1;3,4;12,8;35,6;8,9;NA;1168;2012-03-01;44,1;55,5
"276";276;"Gallup";23,1;8,8;3,3;6,6;4,6;13,2;31,8;7,7;NA;1551;2012-03-08;46,2;52,9
"277";277;"Rambøll";21,5;10,8;3,6;6,1;4,1;12,5;34,2;6,6;NA;1000;2012-03-09;45;54,4
"278";278;"Rambøll";20,7;9,9;3,4;6,2;5,5;13,4;33;7,4;NA;1558;2012-03-11;44,2;55,3
"279";279;"Voxmeter";18,5;9;3,7;6,6;5,3;13,5;33,6;9,2;NA;1000;2012-03-11;43,3;56,1
"280";280;"YouGov";20,7;9,9;3,4;6,2;5,5;13,4;33;7,4;NA;NA;2012-03-14;44,2;55,3
"281";281;"Epinion";20,6;9,4;3,5;7,9;4,4;13,3;32,1;8,4;NA;1008;2012-03-21;46,3;53,3
"282";282;"Voxmeter";19,2;9,2;3;6,1;5,1;13,6;34,3;8,9;NA;1000;2012-03-22;43,4;56
"283";283;"Megafon";19,8;9,3;3,4;5,9;6,5;13,3;32,2;9,2;NA;1000;2012-03-29;44,2;55,4
"284";284;"Rambøll";21,2;10,2;4,5;7,4;3,8;12,8;31,7;7,8;NA;1000;2012-03-30;46,6;52,8
"285";285;"Gallup";22,5;9,3;4,6;6,3;4,8;12,1;31,8;7,9;NA;1525;2012-04-03;46;53,3
"286";286;"Rambøll";19,9;9,7;4,2;5,5;5,7;12,6;33,4;8,3;NA;2140;2012-04-09;43,4;55,9
"287";287;"Epinion";20,8;9;3,3;6,6;4,7;13,4;33,4;7,8;NA;1003;2012-04-11;44,2;54,8
"288";288;"YouGov";19,9;9,7;4,2;5,5;5,7;12,6;33,4;8,3;NA;NA;2012-04-11;43,4;55,9
"289";289;"Megafon";21,5;9,6;3,9;5,6;5,8;12,6;31,4;9,4;NA;1128;2012-04-13;46,1;53,7
"290";290;"Voxmeter";20,5;10,1;3;6,5;4,4;12,8;33,9;7,9;NA;1000;2012-04-15;45;54,1
"291";291;"Megafon";20,2;10,6;3,4;7,7;4,6;12,7;32,5;7,6;NA;1003;2012-04-25;46,1;53,2
"292";292;"Rambøll";20,3;8,6;3,7;7;4,5;12,3;34;8,5;NA;1017;2012-05-07;44,4;54,5
"293";293;"YouGov";19,8;9,2;3,5;6,3;6,1;13,9;32,9;7,9;NA;NA;2012-05-09;43,2;56,4
"294";294;"Greens";19,3;9,9;2,9;7,4;4,4;12,9;34;8,1;NA;1000;2012-05-09;44,7;54,2
"295";295;"Gallup";21;8,5;3,9;7,5;5,3;13,8;29,9;8,8;NA;1517;2012-05-10;45,8;52,9
"296";296;"Voxmeter";20,7;9,7;3,1;6,1;5;13,6;32,7;8,6;NA;1000;2012-05-12;45,1;54,4
"297";297;"Rambøll";19,8;9,2;3,5;6,3;6,1;13,9;32,9;7,9;NA;1021;2012-05-15;43,2;56,4
"298";298;"Epinion";20,5;8,6;3,9;6,2;5,5;12,9;32,9;8,7;NA;956;2012-05-25;44;55,2
"299";299;"Megafon";16,9;9,2;3,5;5,7;5;13,7;34;11,3;NA;1118;2012-05-31;43,1;56,2
"300";300;"Voxmeter";16,8;9,9;4,4;6,8;4,5;13,2;34;9,5;NA;1040;2012-06-04;43;56,1
"301";301;"Greens";17,1;9,3;3,3;5,9;4,2;12;35;11,6;NA;1092;2012-06-06;43,9;54,5
"302";302;"Rambøll";17,5;8,7;4,8;6,6;4,9;12,6;34,1;10;NA;1016;2012-06-07;42,8;56,4
"303";303;"Gallup";18,5;9,2;4,4;7,4;3,6;12,2;33,1;10,9;NA;1495;2012-06-07;46;53,3
"304";304;"Rambøll";17,7;9,8;3,6;5,8;5,1;14,4;33,7;9;NA;1542;2012-06-10;42,3;56,8
"305";305;"Epinion";17,5;7,4;5;6,6;5;13,3;34;10,8;NA;1125;2012-06-12;42,3;57,3
"306";306;"YouGov";17,7;9,8;3,6;5,8;5,1;14,4;33,7;9;NA;NA;2012-06-13;42,3;56,8
"307";307;"Voxmeter";17;8,6;4,4;6;4,8;13,2;35,4;9,8;NA;1037;2012-06-17;41,4;57,8
"308";308;"Voxmeter";15,9;9,3;4,3;5,4;3,6;13,3;34,9;12,3;NA;1011;2012-06-26;42,9;56,1
"309";309;"Epinion";16,3;8,3;4,5;5,8;4,1;12,8;33,6;13,6;NA;1020;2012-06-26;44;55
"310";310;"Megafon";17,3;7,8;4,4;5,2;4,7;12,4;33,4;13,9;NA;1030;2012-06-27;44,2;54,9
"311";311;"Voxmeter";19,2;8,9;4,1;6,9;4,4;13,1;32,7;9,9;NA;1127;2012-06-29;44,9;54,3
"312";312;"YouGov";16,1;8,3;4,5;4,8;4,7;13,8;33,5;13,6;NA;NA;2012-07-04;42,8;56,5
"313";313;"Gallup";17,7;9,8;4,1;5,7;4,2;14;31,2;12,2;NA;1512;2012-07-05;45,4;53,5
"314";314;"Rambøll";16,1;8,3;4,3;4,8;4,7;13,8;33,5;13,6;NA;1538;2012-07-29;42,8;56,3
"315";315;"Voxmeter";18,2;9,8;4,3;6,4;4,5;13,4;32,5;10;NA;1025;2012-08-05;44,4;54,7
"316";316;"Greens";19,5;9;4,4;6;5,3;14,7;32,1;8,2;NA;1102;2012-08-08;42,7;56,5
"317";317;"YouGov";18,2;9,8;4,9;4,8;5,3;14,7;31,7;9,8;NA;NA;2012-08-08;42,6;56,6
"318";318;"Gallup";20,7;9,4;3,6;6,1;4,8;12,4;32,2;10;NA;1562;2012-08-09;46,2;53
"319";319;"Epinion";17,4;9,2;4,1;6;3,7;14,1;34,4;10,5;NA;1034;2012-08-09;43,1;56,3
"320";320;"Megafon";19,8;9,3;3,7;5,8;5,4;13,9;31,1;10,8;NA;1254;2012-08-10;45,7;54,1
"321";321;"YouGov";19;9,8;4,3;5,9;6,1;14,7;30;9,9;NA;NA;2012-08-13;44,6;55,1
"322";322;"Rambøll";18,2;9,8;4,9;4,8;5,3;14,7;31,7;9,8;NA;2110;2012-08-15;42,6;56,6
"323";323;"Rambøll";19;9;4,1;6,7;5,1;13,9;32,4;8,9;NA;929;2012-08-17;43,6;55,5
"324";324;"Voxmeter";18,8;10,3;4,7;6,2;4,2;13;33;8,9;NA;1059;2012-08-18;44,2;54,9
"325";325;"Megafon";19,3;8,5;4,7;6,5;4,3;13,1;33;9,4;NA;1012;2012-08-29;43,7;55,1
"326";326;"Voxmeter";18,6;8,8;3,9;6,5;4,2;13,8;33,7;10,4;NA;1035;2012-09-02;44,3;55,6
"327";327;"Greens";18,5;8,2;3,7;5,7;5,3;13,8;33,1;10,9;NA;1306;2012-09-05;43,3;55,9
"328";328;"Epinion";19;7,5;3,5;5,7;4,9;15,1;33,5;9,9;NA;1031;2012-09-05;42,1;57
"329";329;"Voxmeter";17,4;9,5;3,9;6;3,6;13,2;35,8;10;NA;1040;2012-09-08;42,9;56,5
"330";330;"Rambøll";18,8;9,1;4,6;6;5,2;14,1;31,5;10,3;NA;2039;2012-09-10;44,2;55,4
"331";331;"YouGov";18,8;9,1;4,6;6;5,2;14,1;31,5;10,3;NA;NA;2012-09-12;44,2;55,4
"332";332;"Voxmeter";19,3;9,2;3,8;6,4;4,5;13;34,6;8,7;NA;1043;2012-09-15;43,6;55,9
"333";333;"Rambøll";19;9,2;4,1;6;4,2;15,6;32,2;9;NA;1526;2012-09-17;43,2;56,1
"334";334;"Megafon";20,2;8,3;4,2;6,6;4,7;14,5;30,7;10;NA;1135;2012-09-20;45,1;54,1
"335";335;"Voxmeter";18,8;7,8;4,3;7,1;5,4;13,9;32,9;9,3;NA;1051;2012-09-26;43;56,5
"336";336;"Gallup";20;9;3,9;6,5;4,3;13,4;31,2;10,5;NA;1522;2012-10-01;46;52,8
"337";337;"Greens";16,5;9,4;3,7;6,5;4,9;15;32,9;10,4;NA;1110;2012-10-03;42,8;56,5
"338";338;"Voxmeter";18;7,9;4,8;6,7;4,4;14,5;33,4;9,9;NA;1038;2012-10-07;42,5;57,1
"339";339;"Rambøll";19,6;9,5;3,1;4,5;5,4;14,2;33,1;10;NA;1523;2012-10-08;43,6;55,8
"340";340;"YouGov";19,6;9,5;3,1;4,5;5,4;14,2;33,1;10;NA;NA;2012-10-10;43,6;55,8
"341";341;"Rambøll";20,7;8,7;3,2;6,5;4,1;14,9;33,1;8;NA;994;2012-10-11;43,9;55,3
"342";342;"Gallup";21;9,3;4,6;5,2;3,1;13,4;31,7;11,1;NA;1586;2012-10-11;46,6;52,8
"343";343;"Voxmeter";19,2;9,5;4,6;5,6;4,1;13,8;33,3;9;NA;1046;2012-10-13;43,3;55,8
"344";344;"Epinion";19,9;7,8;4,2;6,8;5,1;14,7;31,6;9,1;NA;1153;2012-10-20;43,6;55,6
"345";345;"Voxmeter";20,4;9,8;3,1;7,9;4,1;14,5;32;7,2;NA;1038;2012-10-21;45,3;53,7
"346";346;"Rambøll";19,8;8,7;4,1;6,3;4,2;15;32,5;9;NA;1779;2012-10-22;43,8;55,8
"347";347;"YouGov";19,8;8,7;4,1;6,3;4,2;15;32,5;9;NA;NA;2012-10-24;43,8;55,8
"348";348;"Megafon";20,4;9,4;4,1;5,8;5,1;13,2;31,8;9,4;NA;1003;2012-10-24;45;54,2
"349";349;"Voxmeter";19,8;9,6;3,2;6,5;4,3;14,3;33,1;8,6;NA;1036;2012-10-28;44,5;54,9
"350";350;"Greens";20,6;6,9;4,1;6,1;4,7;14,7;33,9;8,5;NA;1033;2012-10-31;42,1;57,4
"351";351;"Voxmeter";18,6;9,6;2,8;6,1;3,6;13,6;35,5;9,5;NA;1046;2012-11-04;43,8;55,5
"352";352;"Rambøll";19,3;10,1;3,7;5,8;4,6;13,6;33;9,4;NA;1470;2012-11-05;44,6;54,9
"353";353;"YouGov";19,3;10,1;3,7;5,8;4,6;13,6;33;9,4;NA;NA;2012-11-07;44,6;54,9
"354";354;"Gallup";19,8;8,3;4,1;7,5;4,3;15,6;30,7;8,7;NA;1532;2012-11-08;44,3;54,7
"355";355;"Voxmeter";18,7;8,7;2,7;7,6;4,6;13,8;34,4;7,9;NA;1047;2012-11-11;42,9;55,5
"356";356;"Rambøll";20,1;9,1;4,3;7,1;4,6;13,1;31,6;9,2;NA;989;2012-11-15;45,5;53,6
"357";357;"Epinion";19,1;8,1;4;7,5;4,8;15,2;32,3;8,4;NA;1034;2012-11-16;43,1;56,3
"358";358;"Voxmeter";18,2;9,7;3,2;7,4;4,5;13,5;34,5;7,5;NA;1044;2012-11-17;42,8;55,7
"359";359;"Rambøll";18,4;9,9;4;5,8;5,1;14;33,1;8,7;NA;1370;2012-11-18;42,8;56,2
"360";360;"YouGov";18,4;9,9;4;5,8;5,1;14;33,1;8,7;NA;NA;2012-11-21;42,8;56,2
"361";361;"Voxmeter";18,8;9,6;3,7;7,1;4,3;13,8;34,4;7,5;NA;1100;2012-11-25;43;56,2
"362";362;"Megafon";19,8;9,4;2,7;6,2;5,9;14,3;29,6;11,3;NA;1079;2012-11-29;46,7;52,5
"363";363;"Voxmeter";19,9;8,8;4,1;6,2;4,4;13,4;33,1;9,3;NA;1000;2012-12-02;44,2;55
"364";364;"Rambøll";18,5;9,5;4,3;5,2;4,9;14,9;30,5;11,7;NA;1443;2012-12-03;44,9;54,6
"365";365;"YouGov";18,5;9,5;4,3;5,2;4,9;14,9;30,5;11,7;NA;NA;2012-12-03;44,9;54,6
"366";366;"Greens";19,6;8,8;2,8;6,1;5,5;15,6;31,5;9,5;NA;989;2012-12-05;44;55,4
"367";367;"Gallup";23,1;8,7;3,2;6,4;4,2;13,3;32,1;8,5;NA;1515;2012-12-06;46,7;52,8
"368";368;"Voxmeter";20,6;8,1;3,3;6,2;5,1;14,3;31,8;9,5;NA;1044;2012-12-09;44,4;54,5
"369";369;"Rambøll";21,3;8,5;4;7,8;4,6;12,6;32,4;8,4;NA;1019;2012-12-13;46;53,6
"370";370;"Voxmeter";20,2;8,8;3,7;6,2;4,2;14,6;32,5;8,6;NA;1040;2012-12-15;43,8;55
"371";371;"YouGov";19;9,2;4,1;6;4,2;15,6;32,2;9;NA;NA;2012-12-19;43,2;56,1
"372";372;"Megafon";18,7;8,9;2,8;6,1;6,8;14,8;30,8;10,2;NA;1161;2012-12-20;43,9;55,2
"373";373;"Epinion";19,4;7,1;3,7;6,5;4,4;15,5;32,8;10,1;NA;1000;2012-12-21;43,1;56,4
"374";374;"Voxmeter";20,6;7,8;4,3;6,9;3,9;14,1;31,8;9,3;NA;1030;2012-12-22;44,6;54,1
"375";375;"Voxmeter";22,6;8,5;3,2;6,4;3,7;13,4;31,9;9,7;NA;1030;2013-01-06;47,2;52,2
"376";376;"Greens";18,5;8,9;3,5;5,5;4,9;15,6;33;9,9;NA;1007;2013-01-06;42,8;57
"377";377;"Gallup";20,5;9,9;3,5;6,2;4,5;14,5;29,9;10,2;NA;1595;2013-01-10;46,8;52,4
"378";378;"Voxmeter";20,4;8,2;3,1;6,2;4,7;14,6;33,2;8,6;NA;1028;2013-01-13;43,4;55,6
"379";379;"Rambøll";18,1;9,2;4;6,4;5,1;16,6;30,2;9,6;NA;1480;2013-01-14;43,3;55,9
"380";380;"YouGov";18,1;9,2;4;6,4;5,1;16,6;30,2;9,6;NA;NA;2013-01-16;43,3;55,9
"381";381;"Rambøll";19,5;9,1;4,3;7,3;4,5;13,5;32,4;8,6;NA;969;2013-01-17;44,5;54,7
"382";382;"Voxmeter";18,6;8,6;3,3;5,9;4,7;14,1;33,8;10,2;NA;1033;2013-01-20;43,3;55,9
"383";383;"Epinion";19,2;8,4;4,2;7,1;4,3;15,1;31,5;9,9;NA;1020;2013-01-23;44,6;55,1
"384";384;"Megafon";19,2;9,3;4,2;7,4;4,7;14,3;31,7;8,2;NA;1007;2013-01-24;44,1;54,9
"385";385;"Greens";19;8,7;4,6;5,3;5;16,9;28,6;10,6;NA;1001;2013-01-27;43,6;55,1
"386";386;"Voxmeter";19,6;8,9;3,5;6,6;5,1;13,3;32,6;9,6;NA;1004;2013-01-27;44,7;54,5
"387";387;"Rambøll";18,6;8,7;3,9;5,5;6;16,6;30,5;9,8;NA;1527;2013-01-28;42,6;57
"388";388;"YouGov";18,8;8,7;3,9;5,5;6;16,6;30,5;9,8;NA;NA;2013-01-30;42,8;57
"389";389;"Voxmeter";19,9;8,5;3,8;6,6;5,1;13,4;33,1;8,8;NA;1044;2013-02-03;43,8;55,4
"390";390;"Gallup";20,8;8,6;3,5;7,1;4,2;15,2;31,6;8,2;NA;1561;2013-02-07;44,7;54,5
"391";391;"Rambøll";19,2;8;4;5,3;5,9;16;30,3;11,2;NA;1527;2013-02-09;43,7;56,2
"392";392;"Voxmeter";19,6;9,3;3,8;6,7;4,1;13,9;33,5;8,2;NA;1035;2013-02-10;43,8;55,3
"393";393;"YouGov";19,2;8;4;5,3;5,9;16;30,3;11,2;NA;NA;2013-02-12;43,7;56,2
"394";394;"Epinion";19,9;7,8;3,9;6,4;5,3;15,7;31,3;9,5;NA;1011;2013-02-13;43,6;56,2
"395";395;"Voxmeter";19,7;8,6;3,5;5,5;5,1;14,1;33,2;9,5;NA;1034;2013-02-17;43,3;55,9
"396";396;"Rambøll";23;9,1;3,3;7,3;4,1;13,8;30,8;8,2;NA;970;2013-02-21;47,6;52
"397";397;"Voxmeter";20,5;7,7;3,9;5,5;5,6;14,3;32,1;10;NA;1075;2013-02-24;43,7;55,9
"398";398;"Rambøll";17,2;8,6;4,2;5,2;5,1;17,4;31,8;10,3;NA;1539;2013-02-25;41,3;58,5
"399";399;"YouGov";17,2;8,6;4,2;5,2;5,1;17,4;31,8;10,3;NA;NA;2013-02-27;41,3;58,5
"400";400;"Greens";17,2;8,7;4;6,1;6,2;15,6;30,3;11,1;NA;1001;2013-02-27;43,1;56,1
"401";401;"Megafon";18,3;9;3,4;4,8;5,1;15,9;30;12,7;NA;1144;2013-02-28;44,8;54,4
"402";402;"Voxmeter";19,3;8,3;3,6;4,6;5,3;14,7;33;10,5;NA;1031;2013-03-03;42,7;56,6
"403";403;"Gallup";17,1;9,2;3,9;5,5;4,4;15,5;31;12,5;NA;1534;2013-03-07;44,3;54,8
"404";404;"Voxmeter";18,1;8,8;3,8;4,6;4,7;14,8;33,1;11,4;NA;1032;2013-03-10;42,9;56,4
"405";405;"Rambøll";16,5;7,8;3,8;3,8;5,1;17,8;32,6;12,1;NA;1570;2013-03-10;40,2;59,3
"406";406;"YouGov";16,5;7,8;3,8;3,8;5,1;17,8;32,6;12,1;NA;NA;2013-03-12;40,2;59,3
"407";407;"Epinion";17,2;8,9;3,3;4,6;6,1;17,3;30;12;NA;1084;2013-03-13;42,7;56,7
"408";408;"Voxmeter";17,9;8;3,3;4,6;4,9;15,6;32,8;12,1;NA;1033;2013-03-17;42,6;56,6
"409";409;"Rambøll";21,6;8,4;2,9;4,5;4,6;15,3;31,1;11;NA;1027;2013-03-21;45,5;53,9
"410";410;"Megafon";18;8,1;4;4,2;5,6;17,1;29,9;12,2;NA;1004;2013-03-21;42,5;56,6
"411";411;"YouGov";15,7;9,4;3,2;3,9;5,4;18,2;33,1;10,7;NA;NA;2013-03-24;39,7;59,9
"412";412;"Megafon";18,4;8,8;4,2;4,1;4,9;16,9;31,1;11,1;NA;1004;2013-03-26;42,4;57,1
"413";413;"YouGov";16,6;8,9;3,2;3,6;5,4;18,3;31,8;12,1;NA;NA;2013-04-04;41,2;58,7
"414";414;"Voxmeter";18,8;8,1;3,6;4,3;5,2;15,9;31,9;11,4;NA;1562;2013-04-06;42,6;56,6
"415";415;"Rambøll";16,6;8,9;3,2;3,6;5,4;18,3;31,8;12,1;NA;1504;2013-04-08;41,2;58,7
"416";416;"Gallup";18,2;7,8;3,8;5;4;16;30,8;13,3;NA;1534;2013-04-11;44,3;54,6
"417";417;"Voxmeter";19,1;8,3;3,4;4,4;5,4;15,2;32,5;10,9;NA;1043;2013-04-14;42,7;56,5
"418";418;"Voxmeter";17,9;8,6;3,7;3,7;4,6;16,3;32,2;12,2;NA;1028;2013-04-15;42,4;56,8
"419";419;"Rambøll";15,6;9,1;4,2;4,3;4,9;14,7;33,5;12,8;NA;972;2013-04-18;41,8;57,3
"420";420;"YouGov";14,4;7,7;4;3,7;5,2;18,1;33,8;12,4;NA;NA;2013-04-21;38,2;61,1
"421";421;"Rambøll";14,4;7,7;4;3,7;5,2;18,1;33,8;12,4;NA;1523;2013-04-21;38,2;61,1
"422";422;"Megafon";17,8;7,5;4,4;2,8;5,2;17,5;31,3;13,2;NA;1123;2013-04-25;41,3;58,4
"423";423;"Epinion";16,3;8,2;3,7;4,1;6,2;15,7;30,6;14,9;NA;1015;2013-04-28;43,5;56,2
"424";424;"Voxmeter";16,3;7,8;3,9;3,9;4,4;16,8;33,3;12,5;NA;1547;2013-04-28;40,5;58,4
"425";425;"YouGov";15,2;6,9;4,5;3,3;5,4;18,9;31;14,5;NA;NA;2013-05-07;39,9;59,8
"426";426;"Gallup";18,6;8,4;3,3;4,8;4,7;17;29,7;12,9;NA;1553;2013-05-07;44,7;54,7
"427";427;"Voxmeter";16,9;7,9;4,3;4,4;4,8;14,5;33,9;12,7;NA;1029;2013-05-12;41,9;57,5
"428";428;"Rambøll";15,2;6,9;4,5;3,3;5,4;18,9;31;14,5;NA;1544;2013-05-13;39,9;59,8
"429";429;"Rambøll";17,9;8,1;4,9;4,4;4,4;14,4;32,4;12,2;NA;972;2013-05-16;42,6;56,1
"430";430;"Voxmeter";17,1;8;4,5;4,8;5;13,9;33,3;12,8;NA;1033;2013-05-19;42,7;56,7
"431";431;"Rambøll";17,4;8,9;3,9;3;5,1;16,9;31,3;12,9;NA;1002;2013-05-21;42,2;57,2
"432";432;"YouGov";16,7;8,7;3,7;3;5,2;17,1;31,7;13,1;NA;NA;2013-05-22;41,5;57,7
"433";433;"Voxmeter";17,3;8,4;4,7;4,9;5,1;14,3;32,5;12,3;NA;1636;2013-05-26;42,9;56,6
"434";434;"Greens";16,1;6,6;4,1;3,4;5,4;16,2;31,6;14,9;NA;1256;2013-05-26;41;57,3
"435";435;"Epinion";16,5;8,2;4,6;4,7;6,3;15,1;29,7;14,6;NA;1067;2013-05-27;44;55,7
"436";436;"Megafon";15,9;8,7;3,8;5,4;5,7;14,7;32,1;12,8;NA;1003;2013-05-29;42,8;56,3
"437";437;"Voxmeter";17,7;8,9;4,1;5,2;5,2;14,6;31,6;11,8;NA;1038;2013-06-03;43,6;55,5
"438";438;"Rambøll";15;8,2;3,9;3,7;6,6;18,1;30,6;13,6;NA;1528;2013-06-03;40,5;59,2
"439";439;"YouGov";15;8,2;3,9;3,7;6,6;18,1;30,6;13,6;NA;NA;2013-06-03;40,5;59,2
"440";440;"Greens";16,3;7,9;4,7;4;5,2;16,7;31,3;13,1;NA;1178;2013-06-05;41,3;57,9
"441";441;"Voxmeter";17,9;9,1;4;5,3;5,5;14,5;31,3;11,6;NA;1600;2013-06-09;43,9;55,3
"442";442;"Megafon";18,1;8;5,1;4,2;5,6;15,4;29,3;13,3;NA;1170;2013-06-13;43,6;55,4
"443";443;"Epinion";18,1;8,8;4,2;6;4,3;14,6;30,8;12,6;NA;1012;2013-06-13;45,5;53,9
"444";444;"Rambøll";19,3;8,1;5,3;6,3;3,5;15,7;30,1;10,9;NA;980;2013-06-13;44,6;54,6
"445";445;"Voxmeter";18,5;8,7;3,7;5,7;5,7;14,2;30,9;12,1;NA;1032;2013-06-15;45;54,5
"446";446;"Rambøll";16;7,9;5,5;3,1;5,5;17,7;30,4;13,1;NA;1543;2013-06-17;40,1;59,1
"447";447;"YouGov";16;7,9;5,5;3,1;5,5;17,7;30,4;13,1;NA;NA;2013-06-18;40,1;59,1
"448";448;"Voxmeter";18,9;8,6;3,6;5,9;5,8;14,3;30,5;11,8;NA;1546;2013-06-23;45,2;54,2
"449";449;"Greens";17,6;8,5;4,9;3,8;5,8;15,6;30,8;12,5;NA;1058;2013-06-27;42,4;57,1
"450";450;"Voxmeter";20,1;8,7;3,4;6,1;6;13,6;29,8;11,6;NA;1033;2013-06-30;46,5;52,8
"451";451;"Rambøll";16,5;8,3;5,4;4,1;6,3;19,9;27;11,7;NA;1547;2013-06-30;40,6;58,6
"452";452;"Gallup";20,6;8,8;3,4;5,2;4,7;15,8;29,6;11;NA;1525;2013-07-01;45,6;53,5
"453";453;"YouGov";16,5;8,3;5,4;4,1;6,3;19,9;27;11,7;NA;NA;2013-07-02;40,6;58,6
"454";454;"Gallup";20,4;7,5;4,3;5,3;4,4;16,7;28,7;11,5;NA;1502;2013-07-11;44,7;54,1
"455";455;"Epinion";18,4;8,7;3,9;4,2;5,1;17,2;30,1;12;NA;1076;2013-07-17;43,3;56,3
"456";456;"Greens";17,2;8,3;3,8;6,1;6,8;17,9;28,1;10,9;NA;1191;2013-08-01;42,5;56,6
"457";457;"Gallup";19,5;9,4;3,1;4,7;4,4;17,5;28,8;11,4;NA;1528;2013-08-08;45;53,8
"458";458;"Voxmeter";23,3;7,9;4,7;5;5,2;14,9;27,5;10,9;NA;1035;2013-08-08;47,1;52,3
"459";459;"Voxmeter";19,2;9,3;2,9;6,3;5,3;15,6;29,7;11,2;NA;1667;2013-08-10;46;53,5
"460";460;"Rambøll";17,8;8;4,8;3,7;5,6;20,2;27,4;11,8;NA;1504;2013-08-12;41,3;58
"461";461;"YouGov";17,8;8;4,8;3,7;5,6;20,2;27,4;11,8;NA;NA;2013-08-13;41,3;58
"462";462;"Voxmeter";19,4;9,2;3;6;6,1;15,2;29,5;11;NA;1458;2013-08-18;45,6;53,8
"463";463;"Epinion";18,9;8,7;3,9;4,9;5,9;17,8;29,3;10,2;NA;1091;2013-08-19;42,7;56,9
"464";464;"Megafon";18,9;8,4;4,6;4;6,5;18,2;27,8;11;NA;1170;2013-08-22;42,3;57,1
"465";465;"Voxmeter";18,9;8,6;2,9;5,7;6,5;16,5;30,1;10,1;NA;1582;2013-08-25;43,3;56
"466";466;"Rambøll";17,2;7,9;4,1;4,5;5,8;21,2;28,6;10,7;NA;1486;2013-08-26;40,3;59,7
"467";467;"YouGov";17,2;7,9;4,1;4,5;5,8;21,2;28,6;10,7;NA;NA;2013-08-28;40,3;59,7
"468";468;"Greens";19,3;8,4;3,4;5,8;5,4;17,5;29,4;9,9;NA;1215;2013-08-28;43,4;55,7
"469";469;"Voxmeter";18,3;8,3;2,7;6,3;7,1;15,9;30,4;10,2;NA;1243;2013-09-01;43,1;56,1
"470";470;"Gallup";19,6;8,2;3,4;6;5,3;16,8;28,9;11,1;NA;1461;2013-09-05;44,9;54,4
"471";471;"Voxmeter";20,8;7,9;3,1;5,5;6,6;15,1;30,6;9,8;NA;1032;2013-09-08;44;55,4
"472";472;"Rambøll";16,8;7,8;3,5;4,7;6,4;20,7;29,6;9,8;NA;1742;2013-09-09;39,1;60,2
"473";473;"YouGov";16,8;7,8;3,5;4,7;6,4;20,7;29,6;9,8;NA;NA;2013-09-10;39,1;60,2
"474";474;"Voxmeter";21,4;7,4;3,3;4,9;5,8;15,6;31,4;9,5;NA;1550;2013-09-15;43,2;56,1
"475";475;"Rambøll";20;6,8;4,9;3,8;5,6;21,8;26,2;10,5;NA;1518;2013-09-15;41,1;58,5
"476";476;"Rambøll";19,3;8,1;4,5;3,5;5,9;20;26,5;11,4;NA;1494;2013-09-18;42,3;56,9
"477";477;"Rambøll";17,5;9,7;3,8;4,9;4,6;20,2;28,7;9,9;NA;961;2013-09-19;42;57,3
"478";478;"Voxmeter";20,9;7,2;3,8;4,5;5,3;16,9;30,6;10,2;NA;1045;2013-09-22;42,8;56,6
"479";479;"Rambøll";16;7,3;4,2;3,4;6,3;23,5;27,9;10,6;NA;1542;2013-09-23;37,3;61,9
"480";480;"YouGov";16;7,3;4,2;3,4;6,3;23,5;27,9;10,6;NA;NA;2013-09-24;37,3;61,9
"481";481;"Megafon";18,7;9,3;3,7;6,3;4,5;17,5;29,6;8,9;NA;1017;2013-09-25;43,2;55,3
"482";482;"Epinion";19,4;7;3,2;5,1;4,8;19,7;28,4;11,9;NA;1071;2013-09-26;43,4;56,1
"483";483;"Rambøll";20,6;7,6;4,4;3,5;5,3;20,3;26,5;10,8;NA;1489;2013-09-29;42,5;56,5
"484";484;"Greens";17,2;8,5;2,7;4,4;6,1;20,1;30;10,2;NA;1192;2013-09-29;40,3;58,9
"485";485;"Voxmeter";21,1;8,1;2,9;5,5;4,7;16,9;30,1;10,1;NA;1037;2013-10-06;44,8;54,6
"486";486;"Rambøll";18,4;8,1;3,5;4,1;4,6;22,1;27,2;11,3;NA;1529;2013-10-07;41,9;57,4
"487";487;"YouGov";18,4;8,1;3,5;4,1;4,6;22,1;27,2;11,3;NA;NA;2013-10-09;41,9;57,4
"488";488;"Gallup";20,2;7,7;4,1;6;5,4;18,1;27;10,5;NA;1530;2013-10-10;44,4;54,6
"489";489;"Rambøll";24,2;6,7;4,5;5,6;4,5;17,6;26,7;9,1;NA;964;2013-10-10;45,6;53,3
"490";490;"Voxmeter";22,5;8,5;2,7;5,8;5,2;16,5;28,4;9,7;NA;1027;2013-10-13;46,5;52,8
"491";491;"Megafon";19,2;8,8;4,8;5,6;5,8;19,1;26,3;9,9;NA;1155;2013-10-14;43,5;56
"492";492;"Voxmeter";22,5;8,6;3,2;6,2;5,5;16,9;26,1;10,4;NA;1074;2013-10-20;47,7;51,7
"493";493;"Megafon";20,8;7,8;4,5;5,4;5,6;19,5;25,2;10,8;NA;1277;2013-10-21;44,8;54,8
"494";494;"Rambøll";18,8;8;3,5;4;6,9;22,3;24,7;11,4;NA;1516;2013-10-21;42,2;57,4
"495";495;"YouGov";18,8;8;3,5;4;6,9;22,3;24,7;11,4;NA;NA;2013-10-22;42,2;57,4
"496";496;"Megafon";21,7;8,4;4,1;4,5;6,2;18,9;25,5;9,7;NA;1105;2013-10-24;44,3;54,7
"497";497;"Epinion";21,6;8,2;3,3;5,2;5,6;19,7;26,4;9,3;NA;984;2013-10-24;44,3;55
"498";498;"Greens";21,7;6,3;4,6;5,3;5,5;17,3;27,8;10,1;NA;1196;2013-10-25;43,4;55,2
"499";499;"Voxmeter";22,7;8,1;3,3;6,3;5,9;16,1;27,3;9,8;NA;1039;2013-10-27;46,9;52,6
"500";500;"YouGov";20;6,8;4,9;3,8;5,6;21,8;26,2;10,5;NA;NA;2013-11-05;41,1;58,5
"501";501;"Gallup";21,6;8,2;4,6;6;5;17,6;24,7;11,4;NA;1531;2013-11-08;47,2;51,9
"502";502;"Wilke";22,4;7,5;4,7;6,1;6,1;16,4;25,2;10,9;NA;1156;2013-11-10;46,9;52,4
"503";503;"Voxmeter";23,4;8;3,6;7,1;5,4;15,5;25,5;11,2;NA;1025;2013-11-10;49,7;50
"504";504;"Voxmeter";24,6;8,1;3,7;6,5;5,6;15,6;24,3;11,3;NA;1020;2013-11-17;50,5;49,2
"505";505;"YouGov";19,3;8,1;4,5;3,5;5,9;20;26,5;11,4;NA;NA;2013-11-19;42,3;56,9
"506";506;"Megafon";22,2;7,6;3,9;5,5;4,6;15,9;29,3;10,2;NA;1022;2013-11-20;45,5;53,7
"507";507;"Voxmeter";24,7;7,5;3,9;6;5,7;15,3;24,9;11,5;NA;1621;2013-11-24;49,7;49,8
"508";508;"Voxmeter";24,1;8,1;4,4;5,1;5,9;15,8;25,8;10,2;NA;1025;2013-11-25;47,5;51,9
"509";509;"Greens";23,1;7,9;4,5;4;5,1;16,6;26,3;11,1;NA;1190;2013-11-28;46,1;52,5
"510";510;"Voxmeter";22,9;7,2;3,1;6,9;5,2;15,2;28,6;10,4;NA;1051;2013-11-28;47,4;52,1
"511";511;"YouGov";20,6;7,6;4,4;3,5;5,3;20,3;26,5;10,8;NA;NA;2013-12-02;42,5;56,5
"512";512;"Wilke";21;8;5;4,9;5,8;17,4;26;11,2;NA;1242;2013-12-08;45,1;54,2
"513";513;"Greens";22,1;8;4;5,1;5,4;15,6;27,2;11,3;NA;1180;2013-12-10;46,5;52,2
"514";514;"Voxmeter";22,6;8,3;4,1;4,6;5,7;15,2;28;10,6;NA;1034;2013-12-15;46,1;53
"515";515;"YouGov";20,5;7;5;4,1;4,7;20;25,9;12,3;NA;NA;2013-12-16;43,9;55,6
"516";516;"Rambøll";20;7;5;4,1;4,7;20;25,9;12,3;NA;1527;2013-12-16;43,4;55,6
"517";517;"Megafon";22,5;8,4;3,5;3,7;5,2;18,5;27,7;9,5;NA;1200;2013-12-20;44,1;54,9
"518";518;"Voxmeter";22,9;8,6;4,2;4,3;5;15,3;28,6;10,4;NA;1027;2013-12-22;46,2;53,1
"519";519;"Gallup";22,7;7,7;4,7;4,6;5;15,6;27,5;10,8;NA;1541;2013-12-29;45,8;52,8
"520";520;"Gallup";23,8;8,4;3,6;3,9;4,8;16,6;27,1;11,1;NA;1579;2014-01-09;47,2;52,1
"521";521;"Greens";21,8;8,4;4,2;4,2;4;18,3;26,1;12;NA;1199;2014-01-09;46,4;52,6
"522";522;"Rambøll";19,1;7,2;4,7;3,7;5,5;19,9;27,6;11,8;NA;1538;2014-01-12;41,8;57,7
"523";523;"Voxmeter";22,1;9,5;4,7;3,8;5,2;16,6;28,3;9,2;NA;1027;2014-01-12;44,6;54,8
"524";524;"YouGov";19,1;7,2;4,7;3,7;5,5;19,9;27,6;11,8;NA;NA;2014-01-13;41,8;57,7
"525";525;"Wilke";21,6;8;5;4,5;4,4;18,7;25,4;11,5;NA;1331;2014-01-13;45,6;53,5
"526";526;"Voxmeter";21,5;9,1;4,5;4,3;5,4;16,2;28,5;9,5;NA;1035;2014-01-19;44,4;54,6
"527";527;"Megafon";21,7;6,6;4,6;5,6;5,2;16,1;27,5;11,6;NA;1011;2014-01-22;45,5;53,4
"528";528;"Greens";20,1;6,7;4,2;3,9;5,1;18;28,4;12,2;NA;1202;2014-01-24;42,9;55,7
"529";529;"Voxmeter";21,1;8,6;4,1;4,4;4,7;16,7;28,8;10,8;NA;1041;2014-01-26;44,9;54,3
"530";530;"Rambøll";19,9;7,4;4,8;3,6;5,4;20,6;26,8;10,7;NA;1464;2014-01-27;41,6;57,6
"531";531;"YouGov";19,9;7,4;4,8;3,6;5,4;20,6;26,8;10,7;NA;NA;2014-01-29;41,6;57,6
"532";532;"Rambøll";15,6;7,9;4,4;4,4;7,8;19,9;26,1;13,1;NA;717;2014-01-30;41;58,2
"533";533;"YouGov";15,6;7,9;4,4;4,4;7,8;19,9;26,1;13,1;NA;NA;2014-01-30;41;58,2
"534";534;"Megafon";18,8;7,4;4,5;4,5;5,1;20,1;26,7;12,2;NA;1052;2014-01-31;42,9;56,4
"535";535;"Voxmeter";19,9;8,9;4,6;3,1;5,2;17,1;28,7;11,6;NA;1021;2014-02-02;43,5;55,6
"536";536;"Epinion";20,1;8,6;4,1;3,8;5,2;18,8;27,6;11,4;NA;1730;2014-02-06;43,9;55,7
"537";537;"Voxmeter";20,1;9,1;4,7;2,4;5,3;16,7;29,4;11,7;NA;1034;2014-02-09;43,3;56,1
"538";538;"Rambøll";17;7,9;4,4;3,6;6,5;21;26,7;12;NA;1514;2014-02-10;40,5;58,6
"539";539;"YouGov";17;7,9;4,4;3,6;6,5;21;26,7;12;NA;NA;2014-02-12;40,5;58,6
"540";540;"Voxmeter";20,9;9,4;4,4;3,1;5,1;17,6;28,3;10,8;NA;1032;2014-02-16;44,2;55,4
"541";541;"Wilke";18,3;9,1;4,1;4,2;6,7;19,5;25,5;11,8;NA;989;2014-02-16;43,4;55,8
"542";542;"Voxmeter";20,5;9,9;4,5;3,8;4,9;18,1;27,6;10,1;NA;1025;2014-02-23;44,3;55,1
"543";543;"Rambøll";18,3;8,4;4,5;4,1;5,6;23,8;24,3;10,8;NA;1549;2014-02-23;41,6;58,2
"544";544;"YouGov";18,3;8,4;4,5;4,1;5,6;23,8;24,3;10,8;NA;NA;2014-02-25;41,6;58,2
"545";545;"Greens";19,3;10,4;4,4;3,7;4,5;19,4;26,8;10,3;NA;1189;2014-02-27;43,7;55,1
"546";546;"Megafon";17,6;9,4;3,9;4,9;4,9;21;24,7;13,1;NA;1136;2014-02-27;45;54,5
"547";547;"Voxmeter";19,8;10,2;4,9;4,4;4,7;17,9;27,1;10,3;NA;1030;2014-03-02;44,7;54,6
"548";548;"Gallup";20,5;9,1;4,2;3,1;4,9;19,4;26,8;11,6;NA;1528;2014-03-03;44,3;55,3
"549";549;"Voxmeter";19,2;9,7;4,4;4,7;4,5;18,4;27,7;10,8;NA;1048;2014-03-09;44,4;55
"550";550;"Rambøll";17,6;6,6;4,6;3,4;4,9;24,1;27,2;11,1;NA;1654;2014-03-10;38,7;60,8
"551";551;"YouGov";17,6;6,6;4,6;3,4;4,9;24,1;27,2;11,1;NA;NA;2014-03-11;38,7;60,8
"552";552;"Epinion";19,7;9;4,1;3,9;5;19,9;27;11,1;NA;2060;2014-03-13;43,7;56
"553";553;"Wilke";18,2;10,6;4,3;5,9;4,6;21,1;24,8;9,9;NA;1192;2014-03-16;44,6;54,8
"554";554;"Voxmeter";19,1;9,5;4,6;4,9;4,4;18,5;28,1;10,5;NA;1019;2014-03-16;44;55,6
"555";555;"Rambøll";16,2;8,5;4,9;3,9;5,6;23,9;25,6;10,8;NA;2478;2014-03-23;39,4;60
"556";556;"Voxmeter";19,3;9,7;4,2;4,8;4,2;18,6;27,9;10,6;NA;1041;2014-03-23;44,4;54,9
"557";557;"YouGov";16,2;8,5;4,9;3,9;5,6;23,9;25,6;10,8;NA;NA;2014-03-25;39,4;60
"558";558;"Megafon";19,5;7,8;4,3;5,1;5,2;20,9;25,4;11,2;NA;1003;2014-03-26;43,6;55,8
"559";559;"Gallup";19,2;8,6;3,7;4,8;3,5;21,8;26,6;10,9;NA;1564;2014-03-28;43,5;55,6
"560";560;"Voxmeter";20,1;9,1;4;4,6;4,5;17,9;28,4;10,3;NA;1032;2014-03-30;44,1;54,8
"561";561;"Greens";18;10,4;4,3;3,8;4,7;18,3;27,8;11,9;NA;1225;2014-04-03;44,1;55,1
"562";562;"Voxmeter";19,7;8,6;4,1;4,5;4,7;18,1;28,9;10,7;NA;1021;2014-04-06;43,5;55,8
"563";563;"YouGov";16,5;8,5;4,3;5,2;4,9;24,1;24,7;10,6;NA;NA;2014-04-08;40,8;58
"564";564;"Gallup";20,2;8;4,8;4,3;5,1;20,9;25;11;NA;1527;2014-04-10;43,5;55,8
"565";565;"Voxmeter";19,3;8,8;3,9;4,7;5,2;18,2;28,3;11,1;NA;1028;2014-04-13;43,9;55,6
"566";566;"Wilke";21,5;8,5;4,7;5,5;6,9;18,7;22,7;10,7;NA;1185;2014-04-14;46,2;53
"567";567;"Rambøll";16,5;8,5;4,3;5,2;4,9;24,1;24,7;10,6;NA;1358;2014-04-15;40,8;58
"568";568;"Voxmeter";19,4;8,4;3,1;5,2;5,1;18,2;28,7;11,1;NA;1028;2014-04-20;44,1;55,1
"569";569;"Epinion";19,6;8,7;4,1;4,4;4,8;20,3;26,9;10,7;NA;2709;2014-04-21;43,4;56,1
"570";570;"Megafon";20,3;8,3;3,2;4;5,6;22;26,4;9,7;NA;1092;2014-04-22;42,3;57,2
"571";571;"Voxmeter";20;8,7;3,1;4,8;5,5;18,8;28,1;10,5;NA;1014;2014-04-27;44;55,5
"572";572;"Rambøll";17,1;8,9;4,6;4,5;5,6;22,8;25,7;10,6;NA;1520;2014-04-27;41,1;58,7
"573";573;"YouGov";17,1;8,9;4,6;4,5;5,6;22,8;25,7;10,6;NA;NA;2014-04-29;41,1;58,7
"574";574;"Voxmeter";21,1;8,6;3,6;5,2;5,3;17,9;27,8;9,6;NA;1014;2014-05-04;44,5;54,6
"575";575;"Gallup";20,3;8;4,7;5,9;4,8;21,7;23,9;9,8;NA;1512;2014-05-08;44;55,1
"576";576;"Voxmeter";21,9;8,1;3,9;5,8;5,5;17,9;27,5;8,7;NA;1031;2014-05-11;44,5;54,8
"577";577;"Rambøll";17;7,6;3,7;5,9;5,1;24,1;25,7;10,3;NA;1589;2014-05-12;40,8;58,6
"578";578;"YouGov";17;7,6;3,7;5,9;5,1;24,1;25,7;10,3;NA;NA;2014-05-13;40,8;58,6
"579";579;"Wilke";18,9;9,5;4,6;4,6;6,3;18,9;24;10,7;NA;1071;2014-05-18;43,7;53,8
"580";580;"Voxmeter";22,2;8,3;4,1;5,7;5,8;18,2;25,9;9,1;NA;1032;2014-05-19;45,3;54
"581";581;"Megafon";22,3;9,1;4,4;5,1;5,9;20;23;8,8;NA;1001;2014-05-20;45,3;53,3
"582";582;"Epinion";21,3;8,3;4,5;5,6;5,6;20,1;24;10,2;NA;2658;2014-05-22;45,4;54,2
"583";583;"Voxmeter";22,6;9,4;4,8;5,4;5,8;19,2;22,1;10,2;NA;1037;2014-05-25;47,6;51,9
"584";584;"Greens";15,7;7,8;4;5;6,8;23,1;26,8;10,1;NA;1235;2014-05-25;38,6;60,7
"585";585;"Rambøll";17,6;8,7;4,2;4,8;6,7;23,9;21,3;11,9;NA;1564;2014-05-25;43;56,1
"586";586;"YouGov";17,6;8,7;4,2;4,8;6,7;23,9;21,3;11,9;NA;NA;2014-05-27;43;56,1
"587";587;"Megafon";22,9;8,9;5,2;6,3;5,8;21,3;19,3;9,8;NA;1077;2014-05-28;47,9;51,6
"588";588;"Megafon";25,1;8,7;5,4;6,9;6;21,9;14,5;10,1;NA;1161;2014-06-02;50,8;47,8
"589";589;"Gallup";22,4;8,7;5,5;7,9;4,3;20,9;21,9;7,1;NA;1644;2014-06-05;46,1;52,6
"590";590;"Rambøll";19,2;7,7;5,8;5,1;5,8;24,1;21,1;10,8;NA;1540;2014-06-08;42,8;56,8
"591";591;"Greens";23,9;9;4,9;6,7;4,4;21,1;19,8;9,2;NA;1252;2014-06-08;48,8;50,2
"592";592;"Voxmeter";23,2;9,1;5,2;6,5;5,1;20,8;20;9,4;NA;1036;2014-06-08;48,2;51,1
"593";593;"Megafon";24,7;9,2;5,1;5,6;4,4;20,8;19,6;9,9;NA;1135;2014-06-09;49,4;49,9
"594";594;"YouGov";19,2;7,7;5,8;5,1;5,8;24,1;21,2;10,8;NA;NA;2014-06-09;42,8;56,9
"595";595;"Epinion";22,3;8;5;7,5;4,7;22,1;21,6;8,3;NA;1975;2014-06-12;46,1;53,4
"596";596;"Voxmeter";22,9;10,3;4,7;7,1;5,2;18,9;21,1;8,8;NA;1025;2014-06-15;49,1;49,9
"597";597;"Wilke";23,1;9,2;5,8;6,5;5,5;19,7;21,7;8,1;NA;1056;2014-06-17;46,9;52,7
"598";598;"Voxmeter";22,8;10,1;4,7;6,8;5,5;18,7;22,1;8,4;NA;1022;2014-06-22;48,1;51
"599";599;"Rambøll";20,1;8,1;6,1;4,5;6,5;24,5;20,2;9,6;NA;1530;2014-06-22;42,3;57,3
"600";600;"YouGov";20,1;8,1;6,1;4,5;6,5;24,5;20,2;9,6;NA;NA;2014-06-24;42,3;57,3
"601";601;"Voxmeter";22,7;9,1;5,1;5,6;5,6;20,1;21,2;9,7;NA;1035;2014-06-26;47,1;52
"602";602;"Megafon";22,4;8,9;5,3;6;4,8;21,4;20,7;9,9;NA;1028;2014-06-26;47,2;52,2
"603";603;"Epinion";21,4;7,3;5,8;7,2;5,4;23,8;20,1;8,7;NA;1760;2014-06-28;44,6;55,1
"604";604;"Voxmeter";23,7;9,6;4,5;6,9;5,1;17,9;23,2;8,6;NA;1012;2014-06-29;48,8;50,7
"605";605;"Wilke";21,6;9;4,8;6;5,3;20,4;22,7;9,6;NA;1090;2014-07-06;46,2;53,2
"606";606;"Rambøll";20,2;7,9;5,6;4,5;6,3;24,3;20,9;9,6;NA;1432;2014-07-06;42,2;57,1
"607";607;"YouGov";20,2;7,9;5,6;4,5;6,3;24,3;20,9;9,6;NA;NA;2014-07-07;42,2;57,1
"608";608;"Gallup";21,6;8,7;5,2;5,5;4,6;21,5;21,3;10,4;NA;1528;2014-07-11;46,2;52,6
"609";609;"Greens";22;9,1;4,8;5,7;6,6;20,9;21,6;8,1;NA;1298;2014-07-25;44,9;53,9
"610";610;"Gallup";21,3;7,7;5,2;6,5;5,1;19,4;23,8;10,1;NA;1525;2014-08-07;45,6;53,5
"611";611;"Voxmeter";21,4;8,7;5,5;7,7;4,7;20,3;23,5;7,8;NA;1039;2014-08-10;45,6;54
"612";612;"Wilke";22,2;9,6;5,3;6,9;5,2;18,3;22,8;8,8;NA;938;2014-08-10;47,5;51,6
"613";613;"YouGov";19,2;7,2;6,5;5,9;4,8;22,7;23;9,8;NA;NA;2014-08-11;42,1;57
"614";614;"Epinion";20,7;7,9;5,8;6,4;5,2;20,3;23,6;9,6;NA;1763;2014-08-13;44,6;54,9
"615";615;"Voxmeter";20,8;8,6;6,2;7,5;5,1;19,7;23,1;8,3;NA;1025;2014-08-17;45,2;54,1
"616";616;"Voxmeter";21,4;8,8;5,6;7,1;4,8;19,5;22,7;9,1;NA;1035;2014-08-24;46,4;52,6
"617";617;"Rambøll";20,5;7,1;5,7;5,6;5,7;22,5;21,1;10,8;NA;1586;2014-08-24;44;55
"618";618;"YouGov";20,5;7,1;5,7;5,6;5,7;22,5;21,1;10,8;NA;NA;2014-08-25;44;55
"619";619;"Greens";20,5;8,2;5,9;7;5,9;17,5;22,8;10,4;NA;1222;2014-08-27;46,1;52,1
"620";620;"Megafon";20,9;7,8;5,3;7,1;5,8;20;23,4;8,9;NA;1007;2014-08-27;44,7;54,5
"621";621;"Voxmeter";22,1;8,9;5,3;7,3;4,6;18,9;23,4;8,8;NA;1028;2014-08-31;47,1;52,2
"622";622;"Wilke";22,4;8,7;5;7,2;4,5;18,9;24,4;7,9;NA;962;2014-09-07;46,2;52,8
"623";623;"Rambøll";20;7,3;5,8;5,6;5,6;20,5;23,5;11,4;NA;1570;2014-09-07;44,3;55,4
"624";624;"YouGov";20;7,3;5,8;5,6;5,6;20,5;23,5;11,4;NA;NA;2014-09-07;44,3;55,4
"625";625;"Voxmeter";22,4;7,4;4,6;7,8;4,7;18,1;25,3;8,9;NA;1035;2014-09-07;46,5;52,7
"626";626;"Gallup";21,7;9,1;5,2;6,2;6,2;18,5;22,5;9,8;NA;1533;2014-09-11;46,8;52,4
"627";627;"Voxmeter";22,7;7,2;4,8;7,2;5,3;17,7;25,9;8,3;NA;1028;2014-09-14;45,4;53,7
"628";628;"Rambøll";19,2;7,2;6,5;5,9;4,8;22,7;23;9,8;NA;1505;2014-09-15;42,1;57
"629";629;"Epinion";21,5;7,6;5;6,7;5,5;19,4;24,5;9,3;NA;1594;2014-09-17;45,1;54,4
"630";630;"Voxmeter";22,1;7,8;5,4;6,9;5,9;17,1;26,5;7,7;NA;1049;2014-09-21;44,5;54,9
"631";631;"YouGov";19;7,5;4,9;5,5;6;22,3;23,2;10,9;NA;1590;2014-09-21;42,9;56,4
"632";632;"Megafon";20,9;6,7;5,3;6;4,9;21,5;23,6;10;NA;1050;2014-09-25;43,6;55,3
"633";633;"Voxmeter";21,7;8,4;6,1;6,4;4,7;17,7;25,8;8,4;NA;1019;2014-09-28;44,9;54,3
"634";634;"Greens";20,1;8,2;5,2;6,2;3,6;22,1;23,5;10,5;NA;1158;2014-10-01;45;54,4
"635";635;"Voxmeter";22,5;7,9;5,5;7;4,9;18,3;25,2;7,8;NA;1016;2014-10-05;45,2;53,9
"636";636;"YouGov";19,1;6,6;5;6,3;6,5;22,7;22,4;10,5;NA;1380;2014-10-05;42,5;56,6
"637";637;"Wilke";22,9;8,3;5,4;6,1;5,2;18,2;24,3;9;NA;974;2014-10-05;46,3;53,1
"638";638;"Gallup";21,6;7,8;5,5;5,2;4,5;18,7;25,3;10,1;NA;1520;2014-10-09;44,7;54
"639";639;"Voxmeter";23,3;8,1;4,8;6,9;4,2;17,7;25,5;8,6;NA;1024;2014-10-12;46,9;52,2
"640";640;"Epinion";21,2;7,6;4,8;6,4;5,5;19,3;25,1;9,4;NA;1500;2014-10-14;44,6;54,7
"641";641;"Voxmeter";22,4;8,2;5,4;7,3;3,9;18,3;25;8,8;NA;1029;2014-10-19;46,7;52,6
"642";642;"YouGov";20,6;6,9;4,5;6,3;6,2;20,4;23,4;10,6;NA;1390;2014-10-19;44,4;54,5
"643";643;"Voxmeter";22,9;7,9;4,8;7,9;4,1;17,8;25;8,6;NA;1044;2014-10-26;47,3;51,7
"644";644;"Greens";20,5;7,2;4,6;6,6;5,9;18,9;23,7;11,7;NA;1139;2014-10-29;46;53,1
"645";645;"Megafon";20,9;8,5;5,1;6,1;5,8;20;22,9;9,3;NA;1005;2014-10-29;44,8;53,8
"646";646;"Voxmeter";22,3;7,4;4,4;7,3;4,7;18,1;25,6;9,4;NA;1023;2014-11-02;46,4;52,8
"647";647;"YouGov";20,9;7,9;5,2;6,3;6;21,7;22,3;9,1;NA;NA;2014-11-04;44,2;55,2
"648";648;"Gallup";20,4;8,4;4,8;6,6;4,5;20,8;23,9;9,5;NA;1591;2014-11-06;44,9;54
"649";649;"Wilke";24,1;7;5;6,9;5,9;19;23,6;7,8;NA;966;2014-11-09;45,8;53,5
"650";650;"Voxmeter";21,6;7,5;3,9;7,6;5;17,6;26,4;9,4;NA;1028;2014-11-09;46,1;52,9
"651";651;"YouGov";21;6,1;4,2;6,2;7,7;21,2;23,2;9,7;NA;1591;2014-11-16;43;56,3
"652";652;"Voxmeter";21,3;7,9;3,8;7,7;5,4;17,1;26,7;9,2;NA;1028;2014-11-16;46,1;53
"653";653;"Voxmeter";21,4;8;4,1;7,5;5;17,6;26,4;9,1;NA;1023;2014-11-23;46;53,1
"654";654;"Greens";20,3;8,3;4,9;6,3;5,5;18,5;24,4;11;NA;1165;2014-11-26;45,9;53,3
"655";655;"Megafon";19,8;8,3;6,2;6,5;5,9;21,2;20,9;9,4;NA;1095;2014-11-27;44;54,2
"656";656;"YouGov";17,8;6,3;5,3;6,8;6,8;23,3;22,8;10,2;NA;1390;2014-11-30;41,1;58,2
"657";657;"Voxmeter";21,1;8,2;4,3;7,1;5,7;17,9;25,4;9,2;NA;1035;2014-11-30;45,6;53,3
"658";658;"Voxmeter";21,4;7,8;4,3;7,6;5,8;18,3;24,5;9,1;NA;1032;2014-12-07;45,9;52,9
"659";659;"Wilke";22,3;7,7;5,6;7,4;6,4;18,1;22,9;8,9;NA;945;2014-12-07;46,3;53
"660";660;"Gallup";21,4;7;4,6;6,2;5,2;21,4;22,4;10,7;NA;1561;2014-12-12;45,3;53,6
"661";661;"Voxmeter";22,2;7,4;3,4;7,9;5,1;18,8;25,3;8,6;NA;1051;2014-12-14;46,1;52,6
"662";662;"YouGov";20,5;7,5;4,4;5,7;6,7;22,4;22,3;9,7;NA;NA;2014-12-16;43,4;55,8
"663";663;"Voxmeter";21,5;7,9;3,2;7,1;5,4;19,1;25,4;9,1;NA;1016;2014-12-21;45,6;53,1
"664";664;"Epinion";21;7,5;4,4;7,4;5,6;19,8;24;9,7;NA;1619;2014-12-27;45,6;53,8
"665";665;"Greens";22,4;7,5;4,6;5;5,4;19,2;25,1;8,8;NA;1181;2015-01-07;43,7;54,3
"666";666;"Gallup";22,8;6,7;4,5;6,7;4,9;20,3;23;9,5;NA;1522;2015-01-09;45,7;52,7
"667";667;"YouGov";22,4;7;4,1;5,6;6,3;23,1;23,2;7,5;NA;1000;2015-01-11;42,5;56,7
"668";668;"Voxmeter";22,7;7,7;4,1;6,9;4,9;19,9;24;8,3;NA;1023;2015-01-11;45,6;52,9
"669";669;"Wilke";22,7;7;4,8;8,3;5,1;19,8;22,7;8,4;NA;968;2015-01-11;46,4;52,4
"670";670;"Norstat";23,7;7,4;3,9;5,3;4,6;22,1;22,7;8,5;NA;1721;2015-01-18;44,9;53,3
"671";671;"Voxmeter";22,2;8,3;4,4;7,4;4,2;20,7;23,4;8,6;NA;1000;2015-01-18;46,5;52,7
"672";672;"Voxmeter";22,8;8;4,8;6,7;3,8;21,5;23;8,8;NA;1018;2015-01-25;46,3;53,1
"673";673;"Epinion";22,9;7,1;4,4;6,7;5;21,2;23,6;8,5;NA;1682;2015-01-27;45,2;54,2
"674";674;"YouGov";21,4;6,9;4,1;6,2;7,3;21,9;21,7;9,3;NA;1000;2015-01-27;43,8;55
"675";675;"Greens";21,7;6,9;3,5;7,1;6,5;20;23,1;9,8;NA;1248;2015-01-28;45,5;53,1
"676";676;"Megafon";20,8;6,5;5,3;6,6;4,3;20,7;24,8;8,8;NA;1003;2015-01-28;42,7;55,1
"677";677;"Voxmeter";22,9;7,4;4,6;6,6;4,3;20,6;23,8;8,9;NA;1028;2015-02-01;45,8;53,3
"678";678;"Gallup";24,2;6,6;4,3;6,2;5,6;20;22,7;8,6;NA;1513;2015-02-05;45,6;52,6
"679";679;"YouGov";18,7;6,3;4,4;6,4;7,1;23,1;23,7;9,3;NA;1000;2015-02-08;40,7;58,3
"680";680;"Wilke";25,6;6,7;4,7;6,7;5,6;19;23;7,4;NA;1006;2015-02-08;46,4;52,3
"681";681;"Voxmeter";23,6;7,8;4,8;6,5;5,5;19,7;22,6;8,7;NA;1000;2015-02-08;46,6;52,6
"682";682;"Norstat";21;6,2;3;6;6;23,6;24,5;7,8;NA;1394;2015-02-15;41;57,1
"683";683;"Voxmeter";23,8;7,5;4,5;6,8;6,2;19,1;22,6;8,8;NA;1000;2015-02-15;46,9;52,4
"684";684;"Gallup";23,2;7,1;5,5;6,3;5,9;21,2;21,9;8,4;NA;1465;2015-02-19;45;54,5
"685";685;"Megafon";21,6;6,7;5;6,5;6,4;16,2;23;10;NA;1119;2015-02-19;44,8;50,6
"686";686;"YouGov";22,2;7,6;5,3;5,5;5,9;23;21,8;8,2;NA;1397;2015-02-22;43,5;56
"687";687;"Voxmeter";23,7;7,7;4,2;7,1;6,1;18,3;23,5;8,8;NA;1046;2015-02-22;47,3;52,1
"688";688;"Epinion";22;6,3;4,9;6,3;5,7;21,7;23,7;8,9;NA;1735;2015-02-23;43,5;56
"689";689;"Greens";20,9;7,9;4,9;6,7;5,4;21,7;21,4;8,4;1,7;1173;2015-02-26;45,6;53,4
"690";690;"Voxmeter";23,1;7,8;5,3;6,9;4,8;19,6;22,3;8,5;1,2;1004;2015-03-01;47,5;52
"691";691;"Gallup";23,1;6,9;5,3;6;5,8;20,1;21,1;8,4;1,8;1479;2015-03-05;46,2;52,3
"692";692;"Voxmeter";23,4;7,5;4,8;6,4;4,7;18,7;23,2;9,1;1,5;1019;2015-03-08;47,9;51,4
"693";693;"YouGov";21,5;6,8;5,2;5,6;7,1;22,6;19,8;8,1;2,2;1420;2015-03-09;44,2;54,7
"694";694;"Norstat";23,7;5,9;5;6,6;5,9;20,4;23;7,1;1,4;1400;2015-03-15;44,7;54,3
"695";695;"Voxmeter";24,3;7,1;4,6;6,6;5,4;17,6;23,4;8,4;1,8;1016;2015-03-15;48,2;51
"696";696;"Voxmeter";22,9;7,8;4,7;7,1;5,7;17,1;23,9;8,5;1,4;1024;2015-03-22;47,7;51,4
"697";697;"YouGov";19,8;6,7;5;5,4;6,5;22,4;21,5;9,5;2,5;1364;2015-03-23;43,9;55,4
"698";698;"Epinion";23,9;6,7;5;6,8;5,5;18,7;22,3;8,7;1,8;1685;2015-03-23;47,9;51,5
"699";699;"Megafon";22,6;7,9;4,4;5,4;5,3;19,1;24,2;7,9;1,8;1001;2015-03-25;45,6;53
"700";700;"Greens";24,4;5,9;4;7;6,5;17,2;23,3;8,3;2,6;1223;2015-03-26;48,2;51
"701";701;"Voxmeter";23,4;7,3;4,6;7,2;5;17,7;23,8;8,7;1,5;1018;2015-03-29;48,1;51,1
"702";702;"Voxmeter";24,1;7,1;3,8;7,6;5,6;17,1;24,5;8;1,7;1000;2015-04-05;48,5;51
"703";703;"Gallup";24,2;7,6;4,9;5,5;5;20,2;20,7;9,3;1,6;1525;2015-04-09;48,2;50,8
"704";704;"Voxmeter";24,8;6,6;4,1;7;4,9;17,7;25,1;7,5;1,5;1022;2015-04-12;47,4;51,8
"705";705;"Norstat";25,5;5,7;4,2;6,1;5,3;21,1;20,9;8,6;1;1386;2015-04-12;46,9;51,5
"706";706;"YouGov";23,3;6,8;4;5,2;6,7;21,9;19,8;9,5;1,9;1415;2015-04-13;46,7;52,4
"707";707;"Wilke";24,3;7,1;4;6,1;6,8;19,3;22,6;7,9;1,5;951;2015-04-14;46,9;52,7
"708";708;"Voxmeter";25,5;6,4;2,9;6,5;5,7;18,2;24,2;8,1;1,5;1008;2015-04-19;48;51
"709";709;"Epinion";24,3;6,6;4,2;6,9;5,9;19,4;22,2;8,4;1,6;1769;2015-04-22;47,8;51,7
"710";710;"YouGov";23,5;6,3;4,6;5,5;7,6;20,1;21,3;8,6;2,1;1387;2015-04-26;46;53,6
"711";711;"Voxmeter";25,1;5,8;3,6;6,7;6,6;18,3;23,7;7,9;1,2;1020;2015-04-26;46,7;52,2
"712";712;"Greens";25,5;6,6;4,8;6,2;6;17,8;21,9;9,1;1,2;1232;2015-04-29;48,6;50,5
"713";713;"Megafon";24,6;6,1;4,8;6;6,3;20,8;19,5;8,7;2;1374;2015-04-30;47,4;51,4
"714";714;"Voxmeter";24,2;5,8;3,7;5,9;7;19,1;23,5;8,6;1,1;1023;2015-05-03;45,6;53,3
"715";715;"Gallup";23,6;5,8;4;6,6;5,9;19,7;23,4;8,6;1,5;1514;2015-05-07;46,1;53
"716";716;"Wilke";23,5;6,4;3,5;6,8;8,3;17,1;22,5;8,3;2,7;945;2015-05-10;47,7;51,4
"717";717;"Norstat";25,4;4,9;4,2;5,6;5,9;21,1;21,9;8,1;1,7;1720;2015-05-10;45,7;53,1
"718";718;"Voxmeter";23,6;5,9;4,1;6,2;7,4;18,6;24,2;8,1;0,9;1022;2015-05-10;44,7;54,3
"719";719;"YouGov";25,2;6,9;3,9;5,3;7,5;20,3;20,5;8;1,8;1615;2015-05-11;47,2;52,2
"720";720;"Epinion";25,3;5,9;3,9;6,5;6,3;18,9;22,5;8,6;1,4;4646;2015-05-12;47,7;51,6
"721";721;"Voxmeter";24,4;5,6;3,9;6,1;7,1;17,9;24,7;7,5;1,6;1047;2015-05-17;45,2;53,6
"722";722;"Voxmeter";24,7;5,8;3,2;6,2;7,8;18,4;23,8;7,7;1,2;1029;2015-05-24;45,6;53,2
"723";723;"YouGov";26,1;5,3;4;5,3;8;19,7;19,6;8,3;2,9;1356;2015-05-25;47,9;51,3
"724";724;"Megafon";25;6,7;4;6,6;7,4;19,3;20,7;6,9;2,3;1048;2015-05-25;47,5;51,4
"725";725;"Greens";22,8;6,6;4,6;6,8;7,4;17,4;21,2;9,5;2,1;1280;2015-05-26;47,8;50,6
"726";726;"Greens";24,8;6,1;4,6;6;6,1;20,1;19,5;10,2;2,3;1113;2015-05-27;49,4;50,3
"727";727;"Gallup";24,5;5,6;4,3;6;6,5;18,7;21,3;10,2;2,5;1293;2015-05-27;48,8;50,8
"728";728;"Voxmeter";25,1;6,1;3,3;6,3;8;18,3;22,5;8,4;1,5;1010;2015-05-27;47,4;52,1
"729";729;"Megafon";24,1;6,3;4,6;7,1;7,6;19,6;19,6;7,8;2;1002;2015-05-27;47,3;51,4
"730";730;"Gallup";24,4;6,1;5;6;6,3;18,6;20,3;9,8;2,7;1937;2015-05-27;49;50,2
"731";731;"Epinion";25,3;5,5;4;5,9;6,4;20,2;22,1;8,3;1,7;1416;2015-05-27;46,7;52,7
"732";732;"Voxmeter";25,5;6,2;3,5;6,3;8,2;18,3;21,4;8,1;1,6;1050;2015-05-28;47,7;51,4
"733";733;"Epinion";25,4;5,5;4,1;6,1;6,3;20,5;20,8;9,2;1,9;1834;2015-05-28;48,1;51,7
"734";734;"Greens";24,3;6;4,5;6,4;5,8;20,2;19,8;10;2,5;1280;2015-05-29;49,2;50,3
"735";735;"Gallup";24,6;5,9;4,7;5,6;7;18,3;21;9,2;3;1780;2015-05-29;48,3;51
"736";736;"Wilke";25,3;7;3,6;5,9;6,9;18,2;21,6;8,7;2,1;1052;2015-05-29;49;50,3
"737";737;"Epinion";26,6;5;3,8;6,1;6,4;19,6;21;8,6;2,5;2209;2015-05-29;48,8;50,8
"738";738;"Voxmeter";26,6;6,1;3,4;6,9;8,1;18,4;20,1;8;1,8;1047;2015-05-29;49,4;50
"739";739;"Voxmeter";26,8;5,6;2,6;7,2;7,9;17;21,2;8,7;2,2;1056;2015-05-30;50,5;48,7
"740";740;"Greens";24,5;5,5;3,8;6,8;6,2;19,6;20,1;10,2;2,4;1280;2015-05-30;49,4;49,7
"741";741;"Megafon";25,2;6,1;4,6;6,9;6,8;19,8;19,7;7,8;2,5;1001;2015-05-30;48,5;50,9
"742";742;"Wilke";25,3;7;3,6;5,9;6,9;18,2;21,6;8,7;2,1;1000;2015-05-30;49;50,3
"743";743;"Epinion";26,4;5,1;3,9;5,8;6,4;19,4;20,8;8,8;3,2;2733;2015-05-30;49,3;50,5
"744";744;"Gallup";24,6;6,4;4,3;5,6;7,1;18,1;21,6;8,9;2,9;1854;2015-05-31;48,4;51,1
"745";745;"Voxmeter";26,8;5,6;2,6;7,2;7,9;17;21,2;8,7;2,2;1056;2015-05-31;50,5;48,7
"746";746;"Megafon";25;5,8;4,2;6,3;6,5;19,4;20,9;8,4;2,8;1001;2015-05-31;48,3;51
"747";747;"Epinion";26,4;4,9;3,8;5,6;6,7;19,1;20,5;9,1;3,7;1609;2015-05-31;49,7;50,1
"748";748;"Wilke";24,2;6,8;4,1;6,9;7,2;19;20,4;7,9;2,8;1007;2015-05-31;48,6;50,7
"749";749;"Greens";24,3;5;4,1;7;7;18,8;20,4;10;2,7;1096;2015-05-31;49;50,3
"750";750;"Megafon";25;6,7;3,4;5,2;7,2;18,3;21,3;7,7;3,6;1064;2015-06-01;48,2;50,2
"751";751;"Voxmeter";25,9;5,2;2,5;7,2;7,9;17,2;21,7;8,8;2,9;1050;2015-06-01;50;49,3
"752";752;"Gallup";24,7;6;4;5;6,4;18,8;21,5;9,7;3,1;2076;2015-06-01;48,5;50,7
"753";753;"Wilke";25,1;7,4;3,7;6,5;7;17,9;19,3;8,2;4;1003;2015-06-01;51,2;47,9
"754";754;"Greens";24,8;4,2;3,8;7,2;7,7;18;20,6;10,2;2,8;1278;2015-06-01;49,2;50,1
"755";755;"YouGov";24,2;6,2;4,3;5,5;6,8;20,3;19,9;9,2;3,1;1600;2015-06-01;48,2;51,3
"756";756;"Epinion";25,8;4,8;3,7;5,5;7,4;18,9;20;9,5;4;1679;2015-06-01;49,6;50
"757";757;"Greens";26,4;4;3,5;6,6;8,3;18,5;20,5;9,2;2,7;1056;2015-06-02;48,9;50,8
"758";758;"Wilke";25;7,4;3,6;6,7;6,7;18,4;19,3;8,2;3,9;1001;2015-06-02;51,2;48
"759";759;"Voxmeter";25,6;5,3;2,6;6,9;7,7;17,1;21,5;9;3,4;1041;2015-06-02;50,2;48,9
"760";760;"Gallup";25,1;6;3,6;4,7;5,8;19;22,4;9,6;3;2091;2015-06-02;48,4;50,8
"761";761;"Epinion";26,1;4,5;3,6;5,8;8;17,9;21;9,1;3,1;1802;2015-06-02;48,6;50,5
"762";762;"Megafon";25,3;6,8;3;5,9;7;18,2;21,1;8;3,3;1064;2015-06-02;49,3;49,3
"763";763;"Voxmeter";26,2;4,9;3,1;6,4;7,9;16,9;20,7;9,2;3,8;1043;2015-06-03;50,5;48,6
"764";764;"Wilke";24,7;7,2;4,1;6,4;6,8;18,6;19,8;8,5;3,3;1010;2015-06-03;50,1;49,3
"765";765;"Megafon";25,5;5,7;3,3;6,6;6,6;18,8;20,8;8,3;3,1;1027;2015-06-03;49,2;49,5
"766";766;"Gallup";25,8;5,2;4;4,8;6;18,7;21,8;9,5;3,6;1917;2015-06-03;48,9;50,5
"767";767;"Epinion";25,7;4,2;3,4;6,3;8,2;18,3;20,6;8,7;3,8;1942;2015-06-03;48,7;50,5
"768";768;"Greens";26,6;4;3,4;6,9;7,3;18,6;20,1;9,4;3,2;1244;2015-06-03;50,1;49,4
"769";769;"Voxmeter";26,7;5,5;3,7;5,9;8,4;17,2;20,1;8,4;3,3;1057;2015-06-04;49,8;49,4
"770";770;"Epinion";26,4;4,7;3,4;5,7;6,8;18,9;21;8,6;3,8;1932;2015-06-04;49,2;50,1
"771";771;"Megafon";25,5;5,3;3,2;6,2;6,5;18,6;21,5;8,1;3,6;1025;2015-06-04;48,7;49,8
"772";772;"Greens";26,8;4;3,8;6,5;6,9;19,7;20,5;8;3,3;1086;2015-06-04;48,6;50,9
"773";773;"Wilke";24,5;6,4;4,4;5,9;6,7;19,2;20;8,6;3,3;1001;2015-06-04;48,7;50,3
"774";774;"Gallup";27,6;5,4;4,1;5,7;5,5;18,1;20,7;8;4;1696;2015-06-04;50,7;48,4
"775";775;"Wilke";23,5;7,2;4,2;5,8;6,3;20,2;19,3;9;3,6;1024;2015-06-05;49,1;50
"776";776;"Greens";25,7;4,7;3,9;6;7;19,2;20,6;8,7;3,6;1079;2015-06-05;48,7;50,7
"777";777;"Epinion";26,4;4,7;3,4;5,8;7,3;18,7;20,2;8,7;4,2;1808;2015-06-05;49,8;49,6
"778";778;"Gallup";26,9;5,2;4,5;6,2;6,7;18,1;19,1;7,3;4,6;1626;2015-06-05;50,2;48,4
"779";779;"Voxmeter";27,1;5,8;4,1;5,7;7,6;17;20,2;7,9;3,6;1024;2015-06-05;50,1;48,9
"780";780;"Wilke";24,9;6,7;3,4;6,5;7,2;19,1;19,1;8,5;3,8;1001;2015-06-06;50,4;48,8
"781";781;"Greens";25,6;5,2;3,5;5,5;7,7;19,5;20;8,3;4,5;1096;2015-06-06;49,1;50,7
"782";782;"Gallup";26,7;5,6;4,3;6,1;6,8;17,9;19,2;7,8;4,1;1693;2015-06-06;50,3;48,2
"783";783;"Voxmeter";27;6,3;4,1;6;6,9;17,2;20,5;7,7;3,6;1020;2015-06-06;50,6;48,7
"784";784;"Epinion";26,4;5,3;3,7;5,6;7,2;18,3;20,2;8,8;4;1701;2015-06-06;50,1;49,4
"785";785;"Greens";25,5;5,2;3,5;5;7,9;19;19,3;9,5;4,9;1104;2015-06-07;50,1;49,7
"786";786;"Voxmeter";26,8;6,3;3,6;6,4;6;16,5;21,1;8,5;3,9;1023;2015-06-07;51,9;47,2
"787";787;"Epinion";26,7;4,9;3,7;5,9;7,4;17,8;20;9;4;1622;2015-06-07;50,5;48,9
"788";788;"Wilke";24,9;6,8;3,7;6,3;8;18,3;20,7;8;3;1009;2015-06-07;49;50,7
"789";789;"Megafon";25,5;5,4;4;5,7;7,6;17,3;21;8,8;3,6;1149;2015-06-07;49;49,9
"790";790;"Gallup";26,4;5;4,1;5,1;7,6;18,2;19,4;9,1;3,8;1680;2015-06-07;49,4;49,3
"791";791;"Greens";27,1;5;2,9;5,6;7,6;18,3;19,5;9,4;4,6;1111;2015-06-08;51,7;48,3
"792";792;"Megafon";25,6;5;4,2;4,7;8,6;17,5;20,8;8,4;4,5;1149;2015-06-08;48,2;51,1
"793";793;"Gallup";26,1;5,5;4,2;4,6;7,6;17,4;20;10,1;3,1;1695;2015-06-08;49,4;49,2
"794";794;"Wilke";25;5,7;3,9;6,2;9,3;17,4;20,8;7,4;3,7;1009;2015-06-08;48;51,4
"795";795;"Voxmeter";26;6,4;3,3;5,9;6,5;16,2;21,9;8,2;4,4;1022;2015-06-08;50,9;47,9
"796";796;"Epinion";26,7;4,8;3,4;6;7,3;18,3;20;8,8;4,3;1658;2015-06-08;50,6;49
"797";797;"Norstat";26,9;4,1;2,7;6,7;6,1;19,3;18,7;10,7;3,7;1502;2015-06-08;52,1;46,8
"798";798;"YouGov";23,8;5;3,7;5,8;7,7;18,5;20,4;10,2;4,1;2298;2015-06-08;48,9;50,3
"799";799;"Greens";26,4;4,9;2,8;5,9;7,8;17,6;19,6;9,8;4,9;1059;2015-06-09;51,9;47,8
"800";800;"Voxmeter";26,4;6,2;3,3;5,4;6,9;16,8;21,5;7,7;4,3;1019;2015-06-09;50;48,5
"801";801;"Megafon";26;5,5;4;4,4;8,6;17,2;20,6;8,3;4,4;1056;2015-06-09;48,6;50,4
"802";802;"Epinion";26;4,7;3,3;5,9;8;19,5;19;8;4,8;1691;2015-06-09;49,4;49,8
"803";803;"Wilke";25;5,5;4,1;5,6;8,8;17,1;21,1;7,6;4,2;1010;2015-06-09;47,9;51,1
"804";804;"Gallup";25,6;5,3;4;4,3;7,9;17,6;19,9;10,2;4,1;1633;2015-06-09;49,5;49,4
"805";805;"Wilke";25,1;5,7;3,9;5,8;8,1;17;20,9;8,5;4,2;1010;2015-06-10;49,3;49,9
"806";806;"Voxmeter";26,9;5,8;3,5;5,1;7,4;17,4;22;7,1;3,7;1010;2015-06-10;48,6;50,3
"807";807;"Greens";25,8;4,8;2,5;5,8;9,3;16,9;20,6;8,7;5,2;1066;2015-06-10;50,3;49,3
"808";808;"Megafon";26,2;5,7;4;4,9;8,2;17,3;20,1;8,5;4,3;1064;2015-06-10;49,6;49,6
"809";809;"Gallup";25,8;5,2;4,5;4,7;7,4;16,7;20,8;9,4;4,6;1626;2015-06-10;49,7;49,4
"810";810;"Epinion";25,1;4,9;3,1;6,5;8,5;19;19,1;7,7;5,2;1908;2015-06-10;49,4;49,7
"811";811;"Epinion";24,9;5,3;3,2;5,5;8;19,2;20,2;8,3;4,6;1986;2015-06-11;48,6;50,6
"812";812;"Megafon";25,2;6;3,3;5,4;9;16,8;21,3;8,5;3,6;860;2015-06-11;48,7;50,4
"813";813;"Greens";24,4;4,5;3;6,3;8,8;18,5;20,3;8,2;5,3;1077;2015-06-11;48,7;50,6
"814";814;"Voxmeter";26,1;5,2;3,1;5,7;7,5;18;22,7;6,6;4;1016;2015-06-11;47,6;51,3
"815";815;"Wilke";25;5,5;3,9;6,3;7,7;16,4;21;8,9;4,2;1024;2015-06-11;49,9;49
"816";816;"Gallup";26,5;4,8;4,3;4,7;6,8;17,5;20,8;9,3;4,4;1702;2015-06-11;49,7;49,4
"817";817;"Voxmeter";25,6;4,8;2,9;6,2;7,3;17,8;23,4;6,4;4,6;1018;2015-06-12;47,6;51,4
"818";818;"Greens";24,3;4,9;2,8;6,1;8,9;19,2;20,5;8,2;4;1069;2015-06-12;47,5;51,4
"819";819;"Epinion";25,3;4,3;3,3;4,9;8,2;19,3;20,7;8,5;5,1;2168;2015-06-12;48,1;51,5
"820";820;"Wilke";24,7;5,3;3,6;6,7;8,6;16,6;21,4;8,2;3,8;1016;2015-06-12;48,7;50,2
"821";821;"Gallup";27,6;4,6;3,9;4,9;6,4;17,3;21,3;8,5;4,2;1795;2015-06-12;49,8;48,9
"822";822;"Megafon";25;5,8;3,9;5,5;8,5;16,9;20,7;8;4,1;1212;2015-06-12;48,4;50
"823";823;"Gallup";26,3;5;3,5;4,9;6,4;18,4;21;8,4;4,4;1872;2015-06-13;49;49,3
"824";824;"Greens";23,6;5,3;2,9;5,3;8;20,2;20,6;9,1;3,8;1093;2015-06-13;47,1;51,7
"825";825;"Voxmeter";26,1;4,7;2,6;6,3;7,6;16,9;23,3;7,1;4,3;1019;2015-06-13;48,5;50,4
"826";826;"Epinion";25,6;4,6;3,7;4,5;8,4;19,7;20;8,1;4,8;1963;2015-06-13;47,6;51,8
"827";827;"Megafon";24,8;6,4;3,5;6,4;8,9;17,5;20,4;7,2;3,9;1004;2015-06-13;48,7;50,3
"828";828;"Wilke";24,5;5,5;4,1;6,5;8,9;17;20,2;8,2;4,3;1003;2015-06-13;49;50,2
"829";829;"Voxmeter";26,9;4,6;2,7;6,6;7,5;16,2;22,4;7,6;4,6;1033;2015-06-14;50,3;48,8
"830";830;"Epinion";24,9;4,3;3,9;5,3;8,2;18,8;20,2;8,6;5;1849;2015-06-14;48,1;51,1
"831";831;"Greens";23,7;5,2;2,9;5,6;8,2;19,6;20,4;9,1;4,1;1095;2015-06-14;47,7;51,1
"832";832;"Megafon";25,7;5,5;3,5;5,3;8,5;17,4;20,7;7,6;4,6;1002;2015-06-14;48,7;50,1
"833";833;"Wilke";26,2;5,3;4,5;5,4;8,8;16,7;19,4;7,5;5;1011;2015-06-14;49,4;49,4
"834";834;"Gallup";26,3;4,8;3,4;5;6,9;18;21,2;8,5;4,6;1852;2015-06-14;49,2;49,5
"835";835;"Megafon";25,8;5,3;3,4;5,1;8,1;18,1;20;8,3;4,6;1002;2015-06-15;49,1;49,6
"836";836;"YouGov";24,5;6,3;4,2;5,7;7,7;19;18,2;8,3;5;1491;2015-06-15;49,8;49,1
"837";837;"Greens";24,6;4,7;3,3;5,6;7,7;19,2;19,8;9,4;5;1103;2015-06-15;49,3;50
"838";838;"Epinion";24,1;5;4,3;6,2;7,5;18,4;20,3;9;4,2;1804;2015-06-15;48,5;50,5
"839";839;"Voxmeter";26,6;5;3;6,4;8,1;15,7;21,9;8,4;3,9;1022;2015-06-15;50,3;48,7
"840";840;"Wilke";25,9;5,6;4,6;5,7;8,3;16,7;18,8;8,1;5;1060;2015-06-15;50,3;48,4
"841";841;"Gallup";25,4;5,1;3,7;4,9;7,2;18;21,2;8,6;4,7;1863;2015-06-15;48,7;50,1
"842";842;"Epinion";24,7;4,8;3,7;5,8;7,9;17,6;20,4;9,4;4,7;2075;2015-06-16;49,4;49,6
"843";843;"Greens";24,4;5,2;3,2;5,7;7,2;19,5;20,4;8,5;5,4;1077;2015-06-16;49,2;50,3
"844";844;"Gallup";26,4;4,6;4,1;4,9;7,2;17,6;21;9,1;4,2;1751;2015-06-16;49,2;49,9
"845";845;"Voxmeter";26,1;4,8;3,5;6,2;8,4;16,1;21,3;8,1;4,3;1036;2015-06-16;49,5;49,3
"846";846;"Megafon";25,5;5;3,8;5,3;8;17,9;20,4;8,4;4,6;1130;2015-06-16;48,8;50,1
"847";847;"Wilke";24;5,2;4,7;5,5;7,8;17,5;19,8;9;5,5;3839;2015-06-17;49,2;49,8
"848";848;"Megafon";25,1;5,1;3,9;5,2;7,8;18,3;20,4;8,1;4,9;1800;2015-06-17;48,4;50,4
"849";849;"Epinion";24,5;5,2;3,9;5,3;7,5;18;20,6;9,3;4,9;2060;2015-06-17;49,2;50
"850";850;"Megafon";25,5;5;3,9;5,2;7,7;17,9;20,6;8,6;4,6;1022;2015-06-17;48,9;50,1
"851";851;"Gallup";25,9;5,2;3,8;5,3;7,1;18,1;20,6;8;4,8;5167;2015-06-17;49,2;49,6
"852";852;"Greens";24,4;5,6;3,3;5,4;7,6;18,5;20,9;8,5;5,2;1108;2015-06-17;49,1;50,3
"853";853;"Voxmeter";25,9;4,6;3,5;6,3;7,7;17,2;19,6;9,8;4,5;3603;2015-06-17;51,1;48
"854";854;"Epinion";25,7;5,2;3,3;5;8,2;18,5;20,2;7,8;4,9;4524;2015-06-18;48,6;50,2
"855";855;"Voxmeter";27,5;4,7;3,1;3,3;7,7;21,5;18,2;8,6;4,7;1023;2015-06-28;48,8;50,5
"856";856;"Gallup";26,6;4,3;3,1;3,8;7,8;20,8;20,4;8,3;4,3;1553;2015-07-09;47,3;52,1
"857";857;"Megafon";27,1;5,1;3,6;4,4;7,4;20,3;19,1;7;5,1;1027;2015-07-30;48,7;50,4
"858";858;"Greens";27,7;4,7;4,1;4,4;7,8;18,9;18,2;7,9;5,3;1205;2015-08-03;50;49
"859";859;"Gallup";26,8;4;3,4;3,8;7,6;21,2;19,3;8,3;4,7;1529;2015-08-06;47,6;51,5
"860";860;"Voxmeter";27,3;5,1;3,4;4;7,9;20,6;17,9;8,1;4,9;1028;2015-08-09;49,4;49,8
"861";861;"Voxmeter";27,6;4,6;3,1;4,2;7,3;20,7;18,8;8,7;4,2;1036;2015-08-16;49,3;49,9
"862";862;"Norstat";27;4;3,1;3,4;7,3;21,3;18,8;8,9;5,3;1000;2015-08-16;48,6;50,5
"863";863;"Epinion";26,5;4;3,2;4,3;8,1;21;19,9;8;4,9;1781;2015-08-18;47,7;52,2
"864";864;"Voxmeter";26,7;4,3;2,9;3,9;7,5;20,8;19,3;9;4,8;1047;2015-08-23;48,7;50,5
"865";865;"Megafon";26,4;4,4;3,2;4;7,6;19,8;20;9,1;4,9;1003;2015-08-26;48,8;50,6
"866";866;"Voxmeter";26,8;4,5;2,8;3,7;7,6;20,4;19,9;8,3;5,2;1032;2015-08-30;48,5;50,7
"867";867;"YouGov";25,8;4,3;3,7;3,5;8,8;20,5;19,6;8,5;4,8;1587;2015-08-31;46,9;52,6
"868";868;"Greens";25,5;5,7;3,1;4;7,1;19,6;20,8;8,1;4,9;1204;2015-09-03;48,2;50,6
"869";869;"Voxmeter";26,8;4,7;2,7;3,8;7,8;19,9;20,4;8,9;4,5;1059;2015-09-06;48,7;50,8
"870";870;"Gallup";25,2;4,5;3,3;4,5;8,5;21,1;18,7;8,5;5;1493;2015-09-10;47,7;51,6
"871";871;"Voxmeter";26,6;4,9;3,1;4,3;7,1;21,3;19,5;8,2;4,3;1061;2015-09-13;48,3;51
"872";872;"Norstat";26,4;4,6;3,2;4,5;7,3;22,4;17,3;8,1;5,2;1000;2015-09-13;48,8;50,2
"873";873;"Voxmeter";26,3;4,9;2,9;4,1;7;21,7;19;8,3;5;1045;2015-09-20;48,6;50,6
"874";874;"Epinion";26,5;4,6;3,1;4,3;7,8;21,9;18,5;8,2;5,2;1728;2015-09-23;48,8;51,3
"875";875;"Megafon";26,1;5,1;3,1;4,8;8,3;20,9;17;8,7;5,5;1125;2015-09-24;50,2;49,3
"876";876;"Voxmeter";27;4,9;3,2;3,8;7,4;21,3;18,1;8,7;5,4;1039;2015-09-27;49,8;50
"877";877;"Gallup";25,8;4,6;3,5;3,8;8,1;21,5;17,6;8,3;5,5;1012;2015-10-02;48;50,7
"878";878;"Voxmeter";26,7;4,8;3,1;4,3;7,8;20,8;17,3;9;5,4;1049;2015-10-04;50,2;49
"879";879;"Gallup";26;4,4;3;4,2;7,7;21,5;19,3;8,2;4,7;1706;2015-10-08;47,5;51,5
"880";880;"Voxmeter";25,4;5,3;2,6;4,8;7,1;21,3;19,1;8,8;5;1041;2015-10-11;49,3;50,1
"881";881;"YouGov";26;4,4;3;3,6;8,8;21,1;18,2;8,7;5,6;1579;2015-10-12;48,3;51,1
"882";882;"Wilke";26,3;4,7;3,4;4;7,3;20,9;18,9;8,8;5,2;2002;2015-10-18;49;50,5
"883";883;"Norstat";25;4,7;2,9;3,9;6,9;21,5;20,1;9,5;4,3;1000;2015-10-18;47,4;51,4
"884";884;"Voxmeter";25,4;5;3,1;4,4;7;21,8;18,7;8,3;5,4;1034;2015-10-18;48,5;50,6
"885";885;"Epinion";26;4,3;3,1;4;7,7;22,1;18,7;8,7;5,3;1843;2015-10-21;48,3;51,6
"886";886;"Voxmeter";25,6;5,2;3,2;4;7,5;20,9;18,9;8,4;5,7;1017;2015-10-25;48,9;50,5
"887";887;"YouGov";26,9;5,2;3,3;3,9;8,1;20,6;17,3;8,7;5,1;1389;2015-10-25;49,8;49,3
"888";888;"Megafon";27,1;5,4;2,8;4,3;8,4;19,9;18,3;8,6;4,7;1020;2015-10-28;50,1;49,4
"889";889;"Greens";25,8;4,4;2,7;4,7;7,9;19,5;20,2;8,5;5;1230;2015-10-29;48,4;50,3
"890";890;"Voxmeter";26,6;5;4;4,5;7,3;19,9;18,7;8,1;5,3;1038;2015-11-01;49,5;49,9
"891";891;"Gallup";26,9;4,5;3,6;3,9;7;20,3;19,3;8;5,7;1624;2015-11-05;49;50,2
"892";892;"Voxmeter";27;4,4;3,5;4,4;7,9;20,8;18,1;8,5;4,8;1031;2015-11-08;49,1;50,3
"893";893;"YouGov";26,5;3,9;2,7;3,7;8,5;20,7;19;8,3;5,8;1603;2015-11-09;48,2;50,9
"894";894;"Norstat";28,3;4,6;2,4;3,2;7,4;20,4;18,7;8,2;5,7;1000;2015-11-15;50;48,9
"895";895;"Voxmeter";26,4;4,6;2,9;4;6,8;22;18,6;9,1;4,6;1026;2015-11-15;48,7;50,3
"896";896;"Epinion";25,7;4,8;3,5;4,2;7,2;21,6;19,7;8,4;4,8;1997;2015-11-22;47,9;52
"897";897;"Voxmeter";25,7;4,1;3,1;4,4;6,7;22,1;19,1;9,2;4,6;1029;2015-11-22;48;51
"898";898;"YouGov";24,2;5,4;3,6;4,3;8,8;19;18,6;9,2;6;2117;2015-11-24;49,1;50
"899";899;"Megafon";26,3;5;3,6;4,4;6,8;19,3;18,4;9,7;5,6;1095;2015-11-26;51;48,1
"900";900;"Voxmeter";26,1;4,1;3,5;4,6;6,8;20,6;19,8;9,3;4,5;1028;2015-11-29;48,6;50,7
"901";901;"Wilke";25,4;4,7;3;4,8;7,8;19,7;19,2;9,1;5,4;2000;2015-12-01;49,4;49,7
"902";902;"Voxmeter";24,5;4,3;3;4;7;22,5;18,7;10,2;4,8;1067;2015-12-06;47,8;51,2
"903";903;"Gallup";24,7;4,8;3,8;4,2;7,2;20,4;19,4;8,8;6;1579;2015-12-10;48,5;50,8
"904";904;"Voxmeter";25,5;4,8;3,4;4;7,9;22,4;17,3;9,2;4,6;1050;2015-12-13;48,1;51
"905";905;"Epinion";25,6;4,6;3,5;4,1;8,2;21,7;18,2;9,3;4,8;1689;2015-12-16;48,4;51,6
"906";906;"Voxmeter";24,7;4,9;3,1;4,2;7,5;20,7;19,2;9,5;5,5;1034;2015-12-20;48,8;50,5
"907";907;"YouGov";23,8;5,1;3,5;4,2;8,3;21;17,7;9,3;6,1;1681;2015-12-21;48,5;50,5
"908";908;"Greens";25,3;8,1;3,2;4,7;7,1;19,2;16,6;8,3;6,1;1125;2015-12-28;52,5;46,1
"909";909;"Gallup";24,6;5,5;3,6;3,6;7,9;19,3;18,5;9,7;6,4;1551;2016-01-07;49,8;49,3
"910";910;"YouGov";23,2;5,5;4,1;4,8;7,9;20,3;18,8;8,7;6,1;1420;2016-01-10;48,3;51,1
"911";911;"Voxmeter";25,3;5,5;2,8;4,4;8,2;18,9;18,8;9,3;6;1026;2016-01-10;50,5;48,7
"912";912;"Voxmeter";24,3;5,8;2,8;4,2;7,5;19,6;19;9,2;6,5;1029;2016-01-16;50;48,9
"913";913;"Norstat";25,6;5,1;3,2;4,2;7,3;19,5;19,7;8,9;5,7;1000;2016-01-17;49,5;49,7
"914";914;"Epinion";25,4;5,7;3,9;4,5;7,3;19,6;19,1;8,8;5,8;1692;2016-01-19;50,2;49,9
"915";915;"YouGov";23,9;5,4;3,8;4,2;8,8;20,1;17,2;8,7;6,8;1024;2016-01-24;49;49,9
"916";916;"Voxmeter";25;5,9;3,1;3,9;7,4;21,1;18;8,2;6,4;1027;2016-01-24;49,4;49,6
"917";917;"Greens";24,5;6;2,8;5;7,3;19,7;19,1;8;6,4;1196;2016-01-27;49,9;48,9
"918";918;"Megafon";19,3;8,5;3;4,8;7,3;20,2;17,2;9,2;9,3;2005;2016-01-28;51,1;47,7
"919";919;"Voxmeter";25,5;5,6;2,7;4,5;8;21,4;16,4;8,3;6,6;1036;2016-01-31;50,5;48,5
"920";920;"Voxmeter";24,1;6;3;5,2;7,1;20,9;17,5;9;6,4;1040;2016-02-07;50,7;48,5
"921";921;"YouGov";21,1;5,4;4,6;5;8,4;20,5;18,4;8,7;7,2;1615;2016-02-08;47,4;51,9
"922";922;"Megafon";21,9;6,3;3,6;4,3;7,7;19,9;17,9;9,4;7,7;1106;2016-02-11;49,6;49,1
"923";923;"Gallup";22,6;6,1;3,1;4;9,4;20;17,7;8,5;7,7;1576;2016-02-12;48,9;50,2
"924";924;"Voxmeter";23,8;6,1;3,2;4,7;8,1;20,7;16,7;9;6,8;1046;2016-02-14;50,4;48,7
"925";925;"Voxmeter";25;6,2;2,9;4,6;8,9;19,8;16,8;8,7;6,3;1029;2016-02-21;50,8;48,4
"926";926;"Norstat";24,3;4,6;2,7;6;6,9;21,9;17;9,3;6,1;1000;2016-02-21;50,3;48,5
"927";927;"Epinion";24,3;6,9;3,6;4,9;7,9;21,3;17,1;8,2;5,8;1596;2016-02-23;50,1;49,9
"928";928;"Megafon";23,4;7;4,3;4,4;8,1;20,5;16,2;8,8;6,5;1089;2016-02-25;50,1;49,1
"929";929;"Gallup";23,8;7,2;5,1;4,4;6,9;19,3;17,1;8,6;6,7;1010;2016-02-26;50,7;48,4
"930";930;"Voxmeter";24,5;5,7;3,3;4,1;8,7;20,3;17,2;9,2;5,9;1029;2016-02-28;49,4;49,5
"931";931;"Greens";23,6;6,1;4,3;4,8;7,3;18,8;18,1;9,1;6,6;1211;2016-03-01;50,2;48,5
"932";932;"Voxmeter";25;5,1;3,3;3,9;8;20,1;17,7;9,9;6,2;1031;2016-03-06;50,1;49,1
"933";933;"YouGov";23,7;5,3;3,6;5,2;8,7;19,8;18;8,8;5,8;1011;2016-03-06;48,8;50,1
"934";934;"Gallup";25,2;4,9;3,1;3,4;7,4;20,9;18,8;9,8;5,8;1520;2016-03-10;49,1;50,2
"935";935;"Voxmeter";25,3;4,9;3;4,5;7,3;19,8;18,4;8,9;6,9;1023;2016-03-12;50,5;48,5
"936";936;"Norstat";25,1;5,3;2,4;3,7;7,1;21,3;18,2;9,2;6,4;1000;2016-03-14;49,7;49
"937";937;"Epinion";26,4;5,6;2,8;4,2;7,6;21,5;17,8;8,2;5,9;1607;2016-03-17;50,3;49,7
"938";938;"Voxmeter";26;4,8;3,2;5,4;7,5;20;17,6;8,2;6,4;1042;2016-03-20;50,8;48,3
"939";939;"Voxmeter";25,5;4,8;3,4;4,5;7,8;20,7;17,2;7,8;7,4;1015;2016-03-27;50;49,1
"940";940;"YouGov";24,8;4,2;3,4;3,7;8,4;20,5;18,3;7,7;8;2043;2016-03-28;48,4;50,6
"941";941;"Greens";23,9;5,5;3,4;4,1;6,3;21,2;17,4;9,6;7,8;1259;2016-03-30;50,9;48,3
"942";942;"Megafon";23,1;6,6;3,3;4,8;7,1;19,8;17,5;8,8;7,7;1128;2016-03-31;51;47,7
"943";943;"Voxmeter";24,8;5,3;3;4;7,3;20,6;17,9;8,4;7,8;1028;2016-04-03;50,3;48,8
"944";944;"Gallup";25,8;4,9;3,3;4,7;7,7;19,5;18,4;8,3;6,6;1619;2016-04-07;50,3;48,9
"945";945;"Voxmeter";25,6;4,8;3,3;4,8;6,7;20,3;18,1;8,5;6,8;1027;2016-04-10;50,5;48,4
"946";946;"YouGov";23,3;5,5;4;4,2;8;19,4;18,7;8,5;7,6;1402;2016-04-11;49,1;50,1
"947";947;"Voxmeter";25,8;5,1;2,9;4,4;7,1;19,8;18;8,3;8;1025;2016-04-16;51,6;47,8
"948";948;"Norstat";25,4;5,6;2,8;4,3;8,3;18;18,6;9,8;6;1000;2016-04-17;51,1;47,7
"949";949;"Wilke";24,3;4,4;3,9;4,4;8;20,9;17,1;9,1;7,2;2146;2016-04-17;49,4;49,9
"950";950;"Epinion";25,5;5,4;2,9;5,5;6,3;21,3;17,7;9,2;6;1593;2016-04-20;51,6;48,2
"951";951;"Voxmeter";25,5;4,8;3;4,8;7,2;19,7;18,3;9;7,1;1023;2016-04-24;51,2;48,2
"952";952;"YouGov";26,4;4,1;3,2;4,4;9,3;17,8;17,7;8,7;7,9;1416;2016-04-25;51,5;48
"953";953;"Megafon";24,5;5,5;3,2;3,4;7,5;21;18,4;8,2;7,5;1001;2016-04-27;49,1;50,1
"954";954;"Voxmeter";26,7;4;2,3;4,2;8,3;20,4;17,9;8,1;7,3;1024;2016-05-01;50,3;48,9
"955";955;"Gallup";25,4;5;3,9;3,8;7,6;18,9;19;7,4;7,6;1463;2016-05-05;49,2;49,4
"956";956;"Voxmeter";25,5;3,8;3,1;3,9;8,1;19,9;18,9;8,6;7,5;1043;2016-05-08;49,3;50
"957";957;"YouGov";23,6;4,8;3,6;4,1;8,8;17,4;18,7;9,8;8,1;1482;2016-05-09;50,4;48,5
"958";958;"Voxmeter";25,1;4,5;2,8;3,8;8,1;19,1;18,6;9,9;7;1026;2016-05-15;50,3;48,6
"959";959;"Norstat";26,3;3,3;4,2;4,6;7,3;19,3;17,2;8,8;7,1;1000;2016-05-16;50,1;48
"960";960;"Voxmeter";25,3;5;2,4;4,3;7,6;18,7;18,4;9,1;8,1;1022;2016-05-21;51,8;47,1
"961";961;"Epinion";26,8;5;2,9;4,7;8,2;21,1;17;8,2;6;1786;2016-05-24;50,7;49,2
"962";962;"Voxmeter";25,4;5;3,1;4,5;7,7;19,7;17,9;8,5;7,1;1020;2016-05-29;50,5;48,4
"963";963;"Greens";25,7;5,4;3,2;5,1;6,5;19,7;16,6;9;7,8;1248;2016-06-02;53;46
"964";964;"Voxmeter";25,8;4,9;2,9;4,6;7,4;19,6;17,3;8;8,4;1039;2016-06-05;51,7;47,2
"965";965;"Gallup";25,1;4,6;3,5;4,6;7,3;19,8;18,9;8,2;6,9;1570;2016-06-09;49,4;49,5
"966";966;"Voxmeter";25,4;4,3;2,9;4;7,9;20,9;18,1;8,3;7,4;1032;2016-06-12;49,4;49,8
"967";967;"Voxmeter";25,9;4,9;2,6;4,1;8,7;20,7;17,5;7,8;6,9;1050;2016-06-18;49,6;49,5
"968";968;"Voxmeter";24,5;4,7;3,5;4,8;7,8;20,1;17,1;8,9;7,3;1027;2016-06-26;50,2;48,5
"969";969;"Megafon";22,6;5,8;4,2;5,5;7,4;19;17,6;8,1;8,3;1020;2016-06-30;50,3;48,2
"970";970;"Voxmeter";25,3;4,6;3,4;4,4;7,3;20,3;18,1;8,4;7;1024;2016-07-03;49,7;49,1
"971";971;"Greens";26,5;5,3;3,7;4,2;7,6;19,1;18,4;7,4;6;1245;2016-08-03;49,4;48,8
"972";972;"Voxmeter";26,1;4,2;3,6;4,5;7;21,4;16,4;7,5;7,5;1041;2016-08-07;49,8;48,4
"973";973;"Gallup";24,8;6,2;3,5;3,6;7,4;19,9;18,7;7,9;6,3;1528;2016-08-11;48,8;49,5
"974";974;"Voxmeter";25,6;4,7;3;4,8;7,4;21,2;16,1;8,3;7,8;1037;2016-08-13;51,2;47,7
"975";975;"Norstat";24,6;5,1;4,3;4,2;6,9;21,1;18,8;7,1;6,8;1000;2016-08-15;47,8;51,1
"976";976;"Voxmeter";26,8;5,3;3,8;3,9;7,7;20,3;16,4;8,2;6,4;1025;2016-08-21;50,6;48,2
"977";977;"Wilke";24;5,1;3,4;4,2;9,5;20,7;17,4;8;6,9;2167;2016-08-22;48,2;51
"978";978;"Megafon";25,3;5,4;2,7;4,9;8,4;18,6;18,2;7,4;7,6;1008;2016-08-24;50,6;47,9
"979";979;"Epinion";26,3;4,9;2,6;4,8;7,1;21,9;17,3;8,2;6,8;1578;2016-08-24;51;48,9
"980";980;"Voxmeter";26;5,3;3,2;3,8;9,1;19,3;17,5;8,3;6,3;1029;2016-08-28;49,7;49,1
"981";981;"Voxmeter";26,9;5,8;3,2;4,3;8,5;19;16,9;8,1;6,1;1023;2016-09-04;51,2;47,6
"982";982;"Greens";26,4;5,4;2,9;5,5;8,2;18,3;16,5;9,5;5,6;1245;2016-09-07;52,4;45,9
"983";983;"Gallup";24,8;5,3;3,5;4,6;7,7;18,8;19,4;8,5;5,1;1529;2016-09-08;48,3;49,4
"984";984;"Voxmeter";27,3;5,1;3,1;3,8;8;19;18,2;8,9;5,6;1044;2016-09-10;50,7;48,3
"985";985;"Norstat";27,3;5,2;2,1;4,8;5,8;22,4;17,4;8,6;5;1000;2016-09-11;50,9;47,7
"986";986;"Voxmeter";27,3;4,4;2,8;4,6;7,2;19,3;18,1;9,3;6;1023;2016-09-18;51,6;47,4
"987";987;"Gallup";NA;NA;NA;NA;NA;NA;NA;NA;NA;1128;2016-09-22;NA;NA
"988";988;"YouGov";25,1;5,2;3,3;4,2;6,6;17,5;17,2;8,1;7,5;1425;2016-09-23;50,1;44,6
"989";989;"Megafon";25,4;5,5;3;4,8;6,8;17,7;16,4;7,4;6,9;950;2016-09-23;50;43,9
"990";990;"Epinion";26,7;5,1;2,8;4,5;6,3;21,6;19,5;7,5;6;1636;2016-09-21;49,8;50,2
"991";991;"Voxmeter";26,5;4,6;2,9;3,6;8;19,1;19,5;8,1;6,3;1041;2016-09-25;49,1;49,5
"992";992;"Greens";27,6;4,1;3,4;5,2;6,3;18,8;16,7;8,2;5,6;1226;2016-09-28;50,7;45,2
"993";993;"Voxmeter";27,7;5,9;2,5;4,4;7,8;17,8;17,2;8,2;6;1042;2016-10-02;52,2;45,3
"994";994;"YouGov";26,4;4,6;3,8;4,4;7;17;18,1;9,3;5,3;1202;2016-10-03;50;45,9
"995";995;"Gallup";24,9;5,5;3,9;4,6;6,1;18,7;18,7;8,3;6,4;1490;2016-10-06;49,7;47,4
"996";996;"Voxmeter";27,5;5,8;2,9;3,8;7;18,6;17,3;8,7;5,5;1029;2016-10-08;51,3;45,8
"997";997;"Norstat";27;4,5;3,2;4,2;5,4;19,4;16,8;8,1;6,7;1000;2016-10-09;50,5;44,8
"998";998;"Voxmeter";28,6;5,3;2,7;3,8;6,7;18,7;17,5;9,2;5,8;1024;2016-10-16;52,7;45,6
"999";999;"YouGov";28,7;4,9;3,3;4,3;7,2;16,2;16,8;8,9;5,3;1390;2016-10-17;52,1;43,5
"1000";1000;"Wilke";26,2;6;3,5;4,6;7,5;16,2;18,1;7,6;6,5;2096;2016-10-17;50,9;45,3
"1001";1001;"Epinion";28,2;5,2;2,6;5,4;5,7;18,5;17,2;9,3;5,2;1579;2016-10-20;53,3;44
"1002";1002;"Voxmeter";27,8;5,2;3,2;3,8;6,2;17,4;19,7;8,3;5,6;1027;2016-10-23;50,7;46,5
"1003";1003;"Megafon";25,2;5,1;3,7;4,6;7,3;15,9;17,8;8,7;7,2;1025;2016-10-26;50,8;44,7
"1004";1004;"Voxmeter";27,1;4,5;2,6;4,9;7,4;15,8;19,2;8,8;6,6;1038;2016-10-30;51,9;45
"1005";1005;"YouGov";27,7;6;3,5;3,5;7,8;14,5;19,3;8,1;5,4;1020;2016-10-31;50,7;45,1
"1006";1006;"Voxmeter";26,3;4,9;2,7;4,6;7,3;16,2;20,3;8,9;6,4;1034;2016-11-06;51,1;46,5
"1007";1007;"Greens";26,1;5,5;3,7;5,3;7,2;15;16,8;8,4;7,6;1283;2016-11-02;52,9;42,7
"1008";1008;"Voxmeter";27,7;5,7;2,9;4,3;6;17,2;19,8;8,2;6,5;1033;2016-11-12;52,4;45,9
"1009";1009;"Norstat";29,1;5,2;2,8;4,4;5,9;14,3;20,2;8,8;5,4;1000;2016-11-13;52,9;43,2
"1010";1010;"Megafon";25,4;6,5;3,8;4,7;6,1;14,3;16,9;8,1;9,1;1116;2016-11-17;53,8;41,1
"1011";1011;"YouGov";27,7;4,8;3,3;5,2;8,7;15,5;16,4;6,9;5,1;1613;2016-11-14;49,7;43,9
"1012";1012;"Voxmeter";28,1;4,4;3;4,2;7,8;15,9;19,5;7,5;6,5;1035;2016-11-20;50,7;46,2
"1013";1013;"Epinion";28;5,1;2,8;4,4;7,2;16,6;18,4;7,9;6,4;1596;2016-11-22;51,8;45
"1014";1014;"Voxmeter";28,3;5,3;3,8;4,7;7,3;14,6;18,9;8;6,9;1028;2016-11-27;53,2;44,6
"1015";1015;"Voxmeter";28,9;4,6;3,6;3,8;7,8;15,7;19,2;8,2;5,9;1041;2016-12-04;51,4;46,3
"1016";1016;"Wilke";27,2;5,2;4,4;4,9;7,4;15,8;17,3;8,3;5,7;2025;2016-12-05;51,3;44,9
"1017";1017;"Gallup";28,8;5,5;4,3;3,8;6,4;17,1;18,8;8,2;5,7;1431;2016-12-08;52;46,6
"1018";1018;"Voxmeter";28,1;5,4;4,1;4,7;6,3;17,3;17,8;7,9;6,1;1030;2016-12-10;52,2;45,5
"1019";1019;"Voxmeter";27,7;4,5;3,6;3,8;7,6;16,8;17,6;8,7;7,1;1031;2016-12-18;51,8;45,6
"1020";1020;"Megafon";25,4;7,1;4,3;6;5,7;15,4;17,7;8,6;6,4;1116;2016-12-22;53,5;43,1
"1021";1021;"Epinion";26,8;5,5;4,1;5;6,9;17,1;18,2;8,1;5,5;1675;2016-12-19;50,9;46,3
"1022";1022;"YouGov";28,1;4,5;4;4,8;6,3;15;17,6;8,5;6,3;1605;2016-11-28;52,2;42,9
"1023";1023;"YouGov";26,5;6;4,3;5,1;7,5;13,6;18,1;8,1;6,5;1444;2016-12-19;52,2;43,5
"1024";1024;"Gallup";25,9;5,7;3,6;5,4;5,6;17,8;20;7,4;5;1522;2017-01-05;49,4;47
"1025";1025;"Voxmeter";27,3;4,6;4,4;4,9;6,2;17,1;18,5;9,1;6;1047;2017-01-08;51,9;46,2
"1026";1026;"YouGov";25;5,9;4;4,8;6,6;14,9;20,1;8,3;5,3;1616;2017-01-09;49,3;45,6
"1027";1027;"Voxmeter";27,4;5,8;3,4;4,4;6,5;16,9;19;9,8;5,1;1030;2017-01-14;52,5;45,8
"1028";1028;"Voxmeter";27,4;5;4;5,1;6,6;16;19,6;9,3;5,6;1027;2017-01-22;52,4;46,2
"1029";1029;"Megafon";25,7;7,2;3,5;4,7;6,4;16,6;17,9;9,9;5,4;1006;2017-01-25;52,9;44,4
"1030";1030;"Epinion";28,3;6,3;3,8;4,1;6,2;16,9;18,6;7,7;4,9;1545;2017-01-24;51,3;45,5
"1031";1031;"Voxmeter";29;6,4;3,3;4,3;6,3;16,7;18,6;8,6;4,9;1023;2017-01-29;53,2;44,9
"1032";1032;"Voxmeter";27,9;5,4;3,9;4,6;5,8;17,1;18,9;8,8;5,6;1031;2017-02-05;52,3;45,7
"1033";1033;"Greens";27,2;7,2;4,2;4,2;5,8;17;16,2;7,5;7;1230;2017-02-01;53,1;43,2
"1034";1034;"Gallup";26,4;5,2;4,4;4,7;6,8;15,8;20,2;8,7;5,5;1520;2017-02-09;50,5;47,2
"1035";1035;"Voxmeter";27;5,2;3,8;5,9;6,4;17,4;18,7;7,9;5,7;1025;2017-02-11;51,7;46,3
"1036";1036;"Voxmeter";27,3;5,2;4,1;5,1;5,7;16,8;18,2;9,4;5,8;1023;2017-02-19;52,8;44,8
"1037";1037;"Norstat";28,1;5,8;4,9;5,1;6,3;16,3;18;8,3;4,8;1000;2017-02-22;52,1;45,5
"1038";1038;"Megafon";24;7;4,7;6,5;4,7;14,9;16,9;8,9;6,9;990;2017-02-23;53,3;41,2
"1039";1039;"Epinion";29;5,4;3,6;5,1;6,1;17,6;18;8,3;4,8;1787;2017-02-20;52,6;45,3
"1040";1040;"Voxmeter";28,7;6,4;3,6;4,9;6,9;15,7;17,2;8,6;5,5;1081;2017-02-26;54,1;43,4
"1041";1041;"YouGov";25,2;5,8;4,6;5,3;7,4;16,1;16,6;8,6;6,1;1444;2017-03-01;51;44,7
"1042";1042;"Greens";26,3;5,8;4,2;4,8;5,5;17,4;18,8;8,6;5,3;1253;2017-03-02;50,8;45,9
"1043";1043;"Voxmeter";28,6;5,3;4,7;4;5,4;17,4;18,2;8,5;5,5;1034;2017-03-05;51,9;45,7
"1044";1044;"Wilke";26,3;5,8;5,3;5,3;6,2;16,6;17,4;8,4;6,3;2004;2017-03-08;52,1;45,5
"1045";1045;"Gallup";26,4;5,7;5;5,9;5,2;18,1;18,1;6,8;5,3;1532;2017-03-09;50,1;46,4
"1046";1046;"Voxmeter";27,4;5,1;5;5,3;6,1;18,7;16,6;7,9;6;1034;2017-03-11;51,7;46,4
"1047";1047;"YouGov";26,2;5,7;4,5;5,6;6,3;15,2;18,1;8,6;4,5;1424;2017-03-13;50,6;44,1
"1048";1048;"Voxmeter";27,5;4,7;4,7;5;5,4;18,7;17,8;8;6,6;1054;2017-03-19;51,8;46,6
"1049";1049;"Norstat";25,9;5,8;5,1;6;7,1;18;15,1;7,8;6,1;1501;2017-03-20;51,6;45,3
"1050";1050;"Epinion";27,7;5,6;4,1;4,6;6,4;18,3;18,6;8,2;4,5;1569;2017-03-21;50,6;47,4
"1051";1051;"Voxmeter";28,4;4,3;4;4,5;6,8;17;18;9,1;6,1;1026;2017-03-26;52,4;45,8
"1052";1052;"YouGov";25,2;6,3;4,1;4,6;5,9;16,2;18,7;9,6;5;1611;2017-03-27;50,7;44,9
"1053";1053;"Megafon";26,5;6,5;4,7;4,9;4,9;16,3;18,5;8,6;5,1;1187;2017-03-29;51,6;44,4
"1054";1054;"Voxmeter";27;5,6;4,3;4,8;5,5;18,4;18,6;8,1;5,9;1048;2017-04-02;51,4;46,8
"1055";1055;"Greens";25,9;6,1;5;4,1;5,8;17,8;16,8;9,4;5,4;1251;2017-03-29;50,9;45,4
"1056";1056;"Gallup";25,2;4,6;4,6;5,3;6,5;18,6;18,7;9,1;5,4;1544;2017-04-06;49,6;48,4
"1057";1057;"Voxmeter";26,4;6,3;4,7;4,5;5;17,8;19,8;8,1;5;1044;2017-04-08;50,3;47,3
"1058";1058;"YouGov";26,8;4,6;5,4;4,7;6,9;14,3;17,5;9,6;5,1;1612;2017-04-10;50,8;44,1
"1059";1059;"Voxmeter";27,9;5,8;3,9;4,2;5,2;18;19,5;8,2;6;1089;2017-04-16;52,1;46,6
"1060";1060;"Voxmeter";27,9;6,3;4,1;4,7;5,8;17,3;18,4;8,6;5,3;1057;2017-04-23;52,8;45,6
"1061";1061;"Megafon";24,5;6,7;5,8;5,6;5,6;15,5;16,2;8,8;6,4;1154;2017-04-27;52;43,1
"1062";1062;"Voxmeter";28;5,9;4;4,4;5,4;18;18,4;8,4;5,8;1023;2017-04-30;52,5;45,8
"1063";1063;"Epinion";27,3;5,6;4,3;5;5,7;18;19,1;7,8;5,2;1579;2017-04-25;50,9;47,1
"1064";1064;"Norstat";28,6;6;3,5;4,2;5,9;17,4;17,1;8,4;5,7;1500;2017-04-25;52,9;43,9
"1065";1065;"Voxmeter";27,2;5,5;3,5;3,7;5,5;18,9;19,5;8,4;6,3;1024;2017-05-07;51,1;47,4
"1066";1066;"Gallup";25,4;5,9;4,4;4,8;6,3;17,3;19,6;7,9;5,4;1464;2017-05-10;49,4;47,6
"1067";1067;"Voxmeter";26,1;4,9;3,6;4,2;6,1;19;19,3;9,1;5,7;1029;2017-05-14;50;48
"1068";1068;"Voxmeter";25,7;5;3,9;4,6;6,3;19,3;18,4;9,2;5,1;1019;2017-05-20;49,6;47,9
"1069";1069;"Norstat";27,7;5,3;4;4,4;5,9;18,5;17,2;8,5;5,9;1502;2017-05-22;51,8;45,6
"1070";1070;"Epinion";28,2;5,4;4,6;4,2;6,3;18,1;17;8,8;6;1582;2017-05-23;52,6;46
"1071";1071;"Voxmeter";26,8;5,5;3,8;4,6;6,2;18,4;17,7;9,1;5,5;1025;2017-05-28;51,5;46,1
"1072";1072;"Voxmeter";27,2;6;4;5,2;5,9;17,4;17,2;8,5;6,5;1021;2017-06-04;53,4;44,5
"1073";1073;"Greens";26;5,3;4,6;4,9;6,4;17,5;17,4;9,3;5,5;1262;2017-06-01;51;45,9
"1074";1074;"Gallup";26,4;6;4,7;4,5;5,2;18,8;19,5;7,5;5,2;1529;2017-06-08;49,6;48,2
"1075";1075;"Voxmeter";26,1;6;3,4;4,9;6,1;18,8;17,3;9,4;6;1021;2017-06-11;52,4;45,6
"1076";1076;"Epinion";28,6;5;3,4;4,6;5,8;18,2;18,1;9;5,5;1613;2017-06-14;52,7;45,5
"1077";1077;"Voxmeter";25,9;6,6;3,9;4,1;6,7;18,7;17,6;9,4;5,5;1029;2017-06-17;51,5;46,9
"1078";1078;"Voxmeter";25,4;6,9;3,6;4,3;6,9;19,5;17,3;9,2;5,4;1021;2017-06-25;51,2;47,3
"1079";1079;"Norstat";26,6;6,3;3,8;6,1;4,6;18,9;17,2;8,7;5;1501;2017-06-21;52,7;44,5
"1080";1080;"Megafon";25,3;6,7;4,5;5,7;5,4;13,3;19,3;9,3;5,8;1104;2017-06-29;52,8;42,5
"1081";1081;"Voxmeter";25,3;6,3;3,5;5,2;6,1;20,9;17,2;8,5;5,7;1084;2017-07-02;51;47,7
"1082";1082;"Gallup";25,6;5,6;4,5;4,5;5,5;17,4;20,3;7,4;6;1500;2017-07-06;49,1;47,7
"1083";1083;"Voxmeter";26,9;5,2;4,2;4,1;6,4;18,9;17,8;9,1;5,7;1021;2017-08-06;51;47,3
"1084";1084;"Gallup";24,3;5,3;5,1;4,7;6,7;17,2;20,6;7,6;5,4;1500;2017-08-10;47,3;49,6
"1085";1085;"Voxmeter";25,6;5,1;3,8;4,7;7,6;17,6;18,9;10;4,4;1019;2017-08-12;49,8;47,9
"1086";1086;"Wilke";25;6;5,1;4,9;7,3;16,1;17,5;8,3;6,3;2020;2017-08-17;50,5;46
"1087";1087;"Voxmeter";26,3;5,7;3;5,6;6,4;19,2;19,2;8,7;4,5;1024;2017-08-20;50,8;47,8
"1088";1088;"Norstat";28,4;5,4;4,1;4,8;4,4;19,3;17,5;8,3;5,1;1000;2017-08-22;52;45,3
"1089";1089;"Norstat";25,7;5,5;3,1;4,9;5,4;19,5;18,3;8,7;6,9;1000;2016-06-13;51,7;46,3
"1090";1090;"Voxmeter";26,1;5,1;3,6;5,5;6,9;18,4;18,6;8,6;5;1030;2017-08-27;50,3;47,5
"1091";1091;"Epinion";28,4;4,5;4,5;5,6;6,9;16,7;18,3;7,4;5,5;1624;2017-08-22;51,4;46,4
"1092";1092;"YouGov";25,9;4,7;3,1;4,9;9,1;21,9;17,4;7,6;4,8;1373;2015-09-28;47,9;51,5
"1093";1093;"YouGov";23,2;5,5;4,1;4,8;7,9;20,3;18,8;8,7;6,1;1420;2016-01-11;48,3;51,1
"1094";1094;"YouGov";22,1;5,7;4,6;4,7;8,6;20;16,3;8,6;8,9;1407;2016-02-21;50;49,5
"1095";1095;"YouGov";26,4;4,1;3,2;4,4;9,3;17,8;17,7;8,7;7,9;1416;2016-04-26;51,5;48
"1096";1096;"YouGov";24,7;5,9;3,5;4,4;8,6;19,3;16,9;8,5;7,2;1420;2016-06-06;50,7;48,3
"1097";1097;"YouGov";23,9;4,4;3,5;4,1;8,7;19;19,2;9,6;6,9;1420;2016-06-20;48,9;50,4
"1098";1098;"YouGov";25,9;4,5;3,6;4;9,4;19,6;17,1;8,5;6,4;1388;2016-08-23;49,3;49,7
"1099";1099;"YouGov";26,1;5,7;3;4,4;7,5;19,9;18,5;7,9;6,1;1388;2016-09-05;50,2;48,9
"1100";1100;"YouGov";25,5;5,5;4,7;5,2;7;14,8;18,7;8,1;6,1;1444;2017-02-06;50,4;45,2
"1101";1101;"Megafon";23,3;6,9;4,6;5,7;6,4;15,2;17,7;9,5;6;930;2017-08-30;51,4;43,9
"1102";1102;"Voxmeter";26,5;4,9;4,1;5,1;5,6;19,2;18,5;8,9;5,6;1038;2017-09-03;51;47,4
"1103";1103;"YouGov";25,2;5,8;4,6;5,3;7,4;16,1;16,6;8,6;6,1;1417;2017-02-26;51;44,7
"1104";1104;"YouGov";25,1;5,4;5,2;4,4;6,8;15,2;18;9,4;5,4;1621;2017-04-24;49,7;45,2
"1105";1105;"YouGov";26,3;4,5;5,4;4,8;6,3;15;16,3;9,7;5,7;1632;2017-05-08;51;43
"1106";1106;"YouGov";24;6,8;4,7;5,1;6,5;16,2;16,3;9,7;5,3;1634;2017-05-21;50,9;43,7
"1107";1107;"YouGov";23,8;5,6;5,1;5,7;6,5;16,3;17,1;8;5,9;1421;2017-06-05;49;45
"1108";1108;"YouGov";25,1;5,3;5,8;5,2;5,9;15,6;18,3;8,6;5,4;1407;2017-06-25;49,6;45,6
"1109";1109;"YouGov";23,8;6,3;4,3;4,4;6,7;16,5;17,7;8,8;6,4;1635;2017-07-10;49,7;45,2
"1110";1110;"YouGov";26,8;5;5,2;4,8;6,3;16,2;15,9;9,2;5,9;1633;2017-07-24;51,7;43,6
"1111";1111;"YouGov";25,5;5,1;5,2;5,3;5,4;16;16,7;8,2;6,8;1611;2017-08-14;50,9;43,3
"1112";1112;"YouGov";25,3;5,4;4,3;5;6,5;15,8;17,6;7,8;6,5;1584;2017-08-27;50;44,2
"1113";1113;"Gallup";26,7;5,9;4,5;4,1;5,3;19,9;17,6;8;5,5;1507;2017-09-07;50,2;47,3
"1114";1114;"Voxmeter";26,9;4,4;3,3;5;6,6;20,2;17,6;8,1;5,7;1043;2017-09-09;50,1;47,7
"1115";1115;"Greens";26,4;6,4;4;6,1;5,2;15,6;18,2;9,3;5,6;1286;2017-09-07;53,8;43
"1116";1116;"Voxmeter";27,9;4,6;3,6;4,3;5,9;19,1;18,3;9,1;5,7;1037;2017-09-17;51,6;46,9
"1117";1117;"Norstat";26,6;5;4,1;5,1;6,4;18,3;17,4;8,4;6,2;1502;2017-09-19;51,3;46,2
"1118";1118;"Voxmeter";26,3;5,6;4,1;5;6,9;17,7;18,9;7,9;6;1025;2017-09-24;50,8;47,6
"1119";1119;"Epinion";29,7;4,2;5;4,8;4,8;18,2;17,7;9,2;4,7;1563;2017-09-19;52,6;45,7
"1120";1120;"Voxmeter";26,5;6,1;4,5;4,9;7,1;17,3;18,6;8,3;5;1029;2017-10-01;50,8;47,5
"1121";1121;"Greens";24,4;5,1;3,5;4,9;5;16,9;21,1;9,5;5,7;1270;2017-10-03;49,6;46,5
"1122";1122;"Gallup";25,6;6,8;3,9;4,7;5,9;19,4;18,7;8,4;4;1588;2017-10-05;49,5;47,9
"1123";1123;"Voxmeter";26,3;6,2;4,8;4,6;6,5;18,5;17,5;8;5,2;1039;2017-10-07;50,3;47,3
"1124";1124;"Megafon";22,5;7;4,7;5,9;4,2;16,3;18,2;9,8;7,2;920;2017-09-28;52,4;43,4
"1125";1125;"Voxmeter";25,7;5,8;3,5;4,9;5,5;20;19,2;9;4;1039;2017-10-15;49,4;48,2
"1126";1126;"Epinion";26,6;5,4;4,7;4;5,4;18,1;18,1;9,6;4,8;1643;2017-10-24;50,4;46,3
"1127";1127;"Voxmeter";25;5,1;4,5;4,1;6,5;19,4;18;9,1;5;1011;2017-10-22;48,3;48,4
"1128";1128;"Megafon";22;6,1;5,4;5,7;5,4;17,1;18,6;9,1;5,8;1017;2017-10-26;48,7;46,5
"1129";1129;"Voxmeter";26,6;4,8;3,9;4,7;5,8;19,2;19,4;8,8;4,7;1049;2017-10-29;49,6;48,3
"1130";1130;"Norstat";28;4,3;3,9;4,5;5,1;17;20,5;8,4;4,5;1503;2017-10-31;49,7;46,5
"1131";1131;"Voxmeter";26,1;5,5;3,9;4,7;5,9;19,7;19;8,4;5,6;1035;2017-11-05;50,3;48,5
"1132";1132;"Gallup";29,6;4,7;4,8;5,2;4,6;16,4;20,3;6,7;4,7;1507;2017-11-09;50,9;46,1
"1133";1133;"Voxmeter";26,8;5,3;5;4,5;5,3;17,5;19,6;8,4;5,5;1030;2017-11-11;50,5;47,4
"1134";1134;"Voxmeter";26,1;5,8;4,6;4,8;5;18,3;19,5;8,8;4,9;1025;2017-11-19;50,4;47,4
"1135";1135;"Norstat";28,1;4,4;4,2;4,9;5,3;16,8;19,5;8;5;1573;2017-11-19;50,4;45,8
"1136";1136;"Voxmeter";27,1;5,4;4,4;5,1;6;17,5;18,5;9,4;4,8;1019;2017-11-26;51,8;46,4
"1137";1137;"Megafon";26,2;6,2;5;5,3;5,5;15,6;19,4;7,5;5,3;1001;2017-11-30;50,5;45,5
"1138";1138;"Greens";30,7;6,7;4,8;4,4;5,4;14,5;19,7;8,4;3,1;1262;2017-11-30;53,3;44,4
"1139";1139;"Epinion";28,1;4,3;4,7;5,1;5,5;16;20,1;8,5;5,2;1737;2017-12-01;51,2;46,3
"1140";1140;"Voxmeter";27,1;5,1;4,8;4,3;6,7;18;19,1;8,7;4,1;1047;2017-12-04;49,3;48,6
"1141";1141;"Gallup";29;5,6;4,9;4,7;4,4;17,5;19,4;6,7;4,8;1497;2017-12-07;50,8;46,2
"1142";1142;"Voxmeter";27,8;5,4;4;5,6;5,8;16,9;19,1;8,9;4,6;1019;2017-12-09;52,3;45,8
"1143";1143;"YouGov";24,2;4,5;5;4,9;6,8;17,1;17,3;8,6;6;1635;2017-10-29;48,2;46,2
"1144";1144;"YouGov";24,6;4,9;4,7;5,5;6,1;16,1;18,8;9,2;5,5;1598;2017-11-13;49,7;45,7
"1145";1145;"YouGov";29;4,4;4,9;5,1;5,1;15,3;18,1;8,1;4,4;1602;2017-12-10;51;43,4
"1146";1146;"Voxmeter";27,5;4,8;4,4;5,1;5,8;17,7;19,4;8,7;4,1;1019;2017-12-17;50,2;47,3
"1147";1147;"Megafon";25,9;5,8;5,4;7;4;15,5;19,3;8,2;5,2;1013;2017-12-22;52,1;44,2
"1148";1148;"Epinion";31,1;4,8;4;4,6;5,3;17;17,5;7,9;4,1;1768;2017-12-20;52,5;43,8
"1149";1149;"Voxmeter";28,8;5,4;4;4,5;5,1;17,1;19,1;8,8;4,9;1035;2018-01-07;52,4;45,3
"1150";1150;"YouGov";26,2;4,7;6,6;5,2;3,8;17;18,8;8,2;4,7;1410;2018-01-07;49;46,2
"1151";1151;"Gallup";28,5;4,4;5,9;4,7;3,4;15,9;21,5;8,3;5,1;1535;2018-01-11;51;46,7
"1152";1152;"Voxmeter";29,3;4,6;3,8;4,4;5,7;17,3;19,9;9,3;4,1;1018;2018-01-14;51,7;46,7
"1153";1153;"Voxmeter";28,7;5;3,7;4,9;5,1;16,5;20,7;8,9;4;1018;2018-01-21;51,5;46
"1154";1154;"Megafon";25,9;5,4;3,6;6,3;4,8;14,2;20,5;10,9;3,6;1014;2018-01-25;52,1;43,1
"1155";1155;"YouGov";26,7;4,8;5,8;4,6;4,6;17,6;18,3;8,2;4,5;1460;2018-01-22;48,8;46,3
"1156";1156;"Voxmeter";28,9;5,1;3,8;4,7;4,6;17,3;20,3;8,1;4,5;1017;2018-01-28;51,3;46
"1157";1157;"Norstat";30,9;4,6;4,1;5;4,8;16,7;17,6;8,8;3,6;1501;2018-01-29;52,9;43,2
"1158";1158;"Voxmeter";30;5;4;4,6;4,2;18,2;19,3;7,5;4,8;1024;2018-02-04;51,9;45,7
"1159";1159;"Greens";28,2;5,1;4,6;4,5;5,2;16,5;19,8;9,1;4,3;1118;2018-02-01;51,2;46,1
"1160";1160;"Voxmeter";29,5;5,1;4,1;5;4,3;18,8;19,1;7,7;4;1037;2018-02-10;51,3;46,3
"1161";1161;"Gallup";29;5,2;4,8;4,9;5,2;15,5;19,4;9,1;4,3;1518;2018-02-08;52,5;44,9
"1162";1162;"Epinion";28;5,1;4,6;5,4;5,3;17,2;18,7;8;4,8;1573;2018-02-14;51,3;45,8
"1163";1163;"Voxmeter";28,4;5;4;4,5;4,8;18,2;20;8,2;4,1;1026;2018-02-18;50,2;47
"1164";1164;"Megafon";26,1;6,9;5,3;5,4;4,1;16,9;18,5;9,6;3,1;1011;2018-02-22;51,1;44,8
"1165";1165;"Voxmeter";28,6;4,5;4,4;4,3;5,8;17,6;20,1;8,8;4;1018;2018-02-25;50,2;47,9
"1166";1166;"Voxmeter";27,7;4,7;4,7;5,4;4,8;17,2;20,8;9,3;4,2;1044;2018-03-04;51,3;47,5
"1167";1167;"Gallup";26,1;6,6;3,8;5,8;4,2;17,8;19,8;7,8;5,4;1590;2018-03-08;51,7;45,6
"1168";1168;"Voxmeter";26,8;4,9;4,3;5,2;5,6;18;19,5;8,8;4,5;1043;2018-03-11;50,2;47,4
"1169";1169;"Voxmeter";28;4,4;4,7;5;5,1;18;18,9;9,7;4,1;1063;2018-03-18;51,2;46,7
